StationNum,StationName
0, '204国道王台交通警察执法站'
1, '一汽大众'
2, '丁家大庄'
3, '丁家官庄站'
4, '丁家寨站'
5, '丁家柳沟'
6, '丁家河'
7, '丁家河2'
8, '丁家河地铁站'
9, '丁家河站'
10, '丁家洼'
11, '丁戈庄'
12, '丁石桥'
13, '丁石桥站'
14, '丁石洼'
15, '丁石洼社区站'
16, '丁莪家庄'
17, '丁莪家庄站'
18, '七中站'
19, '七二五所'
20, '七亩地站'
21, '七墩山路站'
22, '七宝山'
23, '七峪东'
24, '七栋洋房'
25, '七间房'
26, '万安一路'
27, '万安三路'
28, '万安二路'
29, '万安路'
30, '万年泉路青山路'
31, '万德花园'
32, '万德花园站'
33, '万福花园'
34, '万科城'
35, '万科生态城'
36, '万象城'
37, '万达中央广场'
38, '万通站'
39, '万里江茶园'
40, '三台小学'
41, '三合村'
42, '三和贵房产'
43, '三官庙'
44, '三家庄'
45, '三水'
46, '三沙路'
47, '三沙路站'
48, '上山色峪'
49, '上山色峪停车场'
50, '上崖'
51, '上崖社区'
52, '上柳连庄'
53, '上柴'
54, '上柴西'
55, '上汽通用五菱'
56, '上汽通用五菱南门'
57, '上汽通用五菱站'
58, '上流家园'
59, '上流汇'
60, '上流汇站'
61, '上清支路'
62, '上王埠社区'
63, '上王埠社区站'
64, '上疃'
65, '上疃南'
66, '上疃站'
67, '上臧'
68, '上臧社区站'
69, '上葛'
70, '上饶路'
71, '上饶路站'
72, '上马'
73, '上马停车场'
74, '上马北'
75, '上马生态园'
76, '上马社区卫生中心'
77, '下丁家洼'
78, '下山色峪'
79, '下崖南'
80, '下崖社区'
81, '下村'
82, '下村南'
83, '下柳连庄'
84, '下柴'
85, '下河山'
86, '下王埠东'
87, '下王埠东站'
88, '下王埠立交桥北站'
89, '下葛场'
90, '下葛场社区'
91, '下葛场西'
92, '下藏马一村'
93, '下藏马三村'
94, '下马社区'
95, '不过涧站'
96, '世博园'
97, '世博园停车场'
98, '世博城北'
99, '世园大道东川路'
100, '世园大道松岭路'
101, '世园大道汇川路'
102, '世园大道汉川路'
103, '世园大道青峪路'
104, '世园广场南路常川路'
105, '世纪公寓'
106, '世纪公寓站'
107, '世纪地下商场'
108, '世纪大道地铁站'
109, '世纪新村北站'
110, '世纪新村南'
111, '世纪新村南站'
112, '世纪新村西站'
113, '世纪绿洲'
114, '世纪花园北'
115, '世纪花园站'
116, '世茂公园美地'
117, '世茂红墅湾'
118, '世贸中心'
119, '丙村'
120, '丙村站'
121, '丛家屯'
122, '东上庄'
123, '东下泊'
124, '东乌衣巷'
125, '东九水'
126, '东佳路'
127, '东元庄'
128, '东元机电站'
129, '东关新村'
130, '东关路站'
131, '东冯家滩'
132, '东北庄'
133, '东十字路站'
134, '东十字路西'
135, '东华山路金孔雀路'
136, '东南山'
137, '东古镇'
138, '东古镇小区'
139, '东古镇西'
140, '东台'
141, '东台头站'
142, '东台村北'
143, '东和科技'
144, '东埠后'
145, '东大村'
146, '东大洋'
147, '东大洋西'
148, '东大洼站'
149, '东女姑山'
150, '东姜'
151, '东宅子头'
152, '东宅科'
153, '东寺站'
154, '东封家庄站'
155, '东小庄小区'
156, '东小郐家沟'
157, '东小郐家沟西站'
158, '东山小区'
159, '东山张南站'
160, '东山张西'
161, '东岚桑'
162, '东岳中路'
163, '东岳中路站'
164, '东岳路墨香路'
165, '东川路九水东路'
166, '东川路广水路'
167, '东川路涞水路'
168, '东川路金水路'
169, '东平路'
170, '东平路定陶路'
171, '东庄站'
172, '东张哥庄'
173, '东新村'
174, '东新村站'
175, '东方佳苑小区'
176, '东方华庭北门'
177, '东方华庭北门站'
178, '东方工业品集团'
179, '东方影都'
180, '东方影都站'
181, '东方时尚中心'
182, '东方海景'
183, '东方海景站'
184, '东方红站'
185, '东方贝壳文化博览园'
186, '东方金石站'
187, '东旺疃社区'
188, '东朱雀'
189, '东李新苑'
190, '东李权庄'
191, '东李村'
192, '东李村站'
193, '东李立交桥'
194, '东杨'
195, '东杨家洼'
196, '东桥'
197, '东桥子站'
198, '东楼路'
199, '东河套'
200, '东河套社区'
201, '东法家庄'
202, '东泰小学'
203, '东洞门'
204, '东流亭'
205, '东海一路'
206, '东海一路新湛路'
207, '东海一路新湛路站'
208, '东海东路海川路'
209, '东海东路海游路'
210, '东海东路海龙路'
211, '东海东路麦岛路'
212, '东海中路台南路'
213, '东海中路台湾路'
214, '东海中路麦岛路'
215, '东海药业'
216, '东海药业站'
217, '东海西路福州南路'
218, '东海西路金平路'
219, '东温泉'
220, '东港头南'
221, '东港头站'
222, '东漕汶西'
223, '东潘家庄站'
224, '东潮河西'
225, '东灰'
226, '东灰村'
227, '东王家屯'
228, '东王家柳沟'
229, '东田'
230, '东田社区'
231, '东盐滩社区'
232, '东石格庄'
233, '东砚瓦'
234, '东碾头'
235, '东篱桃源'
236, '东篱桃源站'
237, '东红石'
238, '东红石西'
239, '东苑绿世界'
240, '东荆社区'
241, '东草夼'
242, '东莞路'
243, '东葛'
244, '东蓝家庄'
245, '东蓝家庄火炬路'
246, '东蔡家'
247, '东赵'
248, '东辛庄东站'
249, '东辛庄西'
250, '东辛庄西站'
251, '东辛置'
252, '东逄路'
253, '东郭庄'
254, '东郭庄社区'
255, '东门外'
256, '东陈'
257, '东陡崖站'
258, '东院上'
259, '东韩'
260, '东风'
261, '东风小学'
262, '东风小学站'
263, '东风日产家盛4S店'
264, '东风馨苑'
265, '东马家庄站'
266, '东麦窑'
267, '东黄埠'
268, '东龙古'
269, '两埠岸'
270, '两江路'
271, '两河地铁站'
272, '两河路'
273, '两河路首末站'
274, '中云振华教育集团'
275, '中俄地方合作园'
276, '中农批市场'
277, '中冶东方大厦'
278, '中冶爱彼岸'
279, '中医医院'
280, '中医院'
281, '中华埠'
282, '中华埠北'
283, '中华宇客运公司'
284, '中南·漫悦湾'
285, '中国人保财险'
286, '中国人保财险站'
287, '中国剧院'
288, '中国银行'
289, '中城路德阳路'
290, '中城路德阳路站'
291, '中城路正阳中路'
292, '中央公园'
293, '中央美地'
294, '中央美术学院青岛校区'
295, '中央美院艺术创业园'
296, '中山公园'
297, '中山公园武昌路'
298, '中山公园站'
299, '中山路'
300, '中山路沧口路'
301, '中山路湖南路'
302, '中崂路东山五路'
303, '中崂路巨峰路'
304, '中崂路灵川路'
305, '中崂路金川路'
306, '中川路兴阳路'
307, '中庄扶'
308, '中康养老中心'
309, '中康国际'
310, '中德应用技术学校'
311, '中德生态园'
312, '中德生态园小学'
313, '中心医院'
314, '中心聋校'
315, '中惠产业园'
316, '中惠产业园站'
317, '中曹村'
318, '中村'
319, '中村站'
320, '中桃园'
321, '中欧国际城'
322, '中泽国货'
323, '中海油一号门'
324, '中海油中门'
325, '中海油二号门'
326, '中海熙岸'
327, '中海熙岸站'
328, '中海石油'
329, '中石油三号门'
330, '中联运动公园'
331, '中车小镇'
332, '中铁青岛世界博览城'
333, '中铁青岛世界博览城东'
334, '中集集装箱公司'
335, '中韩'
336, '中韩小学'
337, '中韩街道办事处'
338, '中黄埠'
339, '丰和苑小区'
340, '丰和路汇海路'
341, '丰年路华东路'
342, '丰年路宝源路'
343, '丰年路祥源路'
344, '丰沛路丰源路'
345, '丰沛路华东路'
346, '丰沛路华贯路'
347, '丰沛路和源路'
348, '丰泽山庄'
349, '丰泽山庄站'
350, '临时站'
351, '临河路'
352, '临洋村东'
353, '临洋村西'
354, '临港八路站'
355, '临港管委'
356, '临港路'
357, '临港路水城路'
358, '临港路水城路站'
359, '临港路站'
360, '丸鲁大'
361, '丹山'
362, '丽晶大酒店'
363, '义谭店'
364, '乌衣巷'
365, '乐业路开放路'
366, '乐业路龙门山路'
367, '乐好时代城'
368, '乐安路'
369, '乐融路'
370, '乔家洼站'
371, '乜家庄'
372, '乜家庄东'
373, '九七一医院'
374, '九上沟景区'
375, '九上沟景区站'
376, '九方泰禾'
377, '九方海悦华庭'
378, '九水东路合川路'
379, '九水东路合川路站'
380, '九水东路宾川路'
381, '九水东路崂山路'
382, '九水东路永川路'
383, '九水东路永川路站'
384, '九水西路青山路'
385, '九水路向阳路'
386, '九江路'
387, '九江路开平路站'
388, '九江路武宁路'
389, '九连山路珠江路'
390, '九龙潭生态园'
391, '九龙社区'
392, '九龙社区(东岳东路)'
393, '书云东路华安路'
394, '书城'
395, '书院社区'
396, '书院路小学'
397, '书院路峰山路'
398, '书香嘉苑'
399, '书香怡景园'
400, '书香泮城西'
401, '二中'
402, '二中站'
403, '二中路口'
404, '二甲'
405, '二轻新村'
406, '二钢'
407, '二龙山'
408, '于哥庄'
409, '于哥庄村'
410, '于哥庄村西'
411, '于家官庄'
412, '于家官庄站'
413, '于家屯'
414, '于家村'
415, '于家沟村'
416, '云南路汶上路'
417, '云南路磁山路'
418, '云坛路'
419, '云头崮'
420, '云头崮小学'
421, '云桥'
422, '云桥花园'
423, '云顶山路山王河路'
424, '五中'
425, '五中站'
426, '五台山路大旭山路'
427, '五四广场'
428, '五四广场站'
429, '五四广场西站'
430, '五星金属公司'
431, '五道口'
432, '五道口站'
433, '五顺公司'
434, '五顺公司站'
435, '五龙'
436, '五龙沟'
437, '五龙沟西'
438, '井冈山路'
439, '井冈山路地铁站'
440, '井冈山路地铁站D口'
441, '井冈山路地铁站珠江路站'
442, '井冈山路太行山二支路'
443, '井冈山路富春江路'
444, '井头'
445, '井戈庄'
446, '井戈庄站'
447, '亚东集团'
448, '亚是加'
449, '亚盛数控站'
450, '亚飞车行站'
451, '交警大队站'
452, '交警大队西'
453, '交通运输服务中心'
454, '产芝'
455, '亨达集团'
456, '京口'
457, '京口东'
458, '京口西'
459, '京口路青峰路'
460, '京口路顺河路'
461, '京源医院'
462, '人才公寓'
463, '人民会堂'
464, '人民医院'
465, '人民医院东'
466, '人民医院东站'
467, '人民医院站'
468, '人民财产保险'
469, '人民路嘉兴路站'
470, '人民路抚顺路'
471, '人民路抚顺路站'
472, '人民路瑞昌路'
473, '人民路瑞昌路1'
474, '人民路瑞昌路2站'
475, '人民路瑞昌路站'
476, '人民路铁岭路'
477, '人民路阜新路'
478, '人民银行'
479, '仁兆'
480, '仁和居'
481, '仇家沟岔'
482, '仉官寨东'
483, '仙家寨'
484, '仙家寨(汽车北站)'
485, '仙家寨仙山东路'
486, '仙家寨社区'
487, '仙山东路黑龙江中路'
488, '仙山支路'
489, '仙霞岭路深圳路'
490, '代家院'
491, '仰口'
492, '仰口社区'
493, '仰口路'
494, '仰岭'
495, '仲家'
496, '仲戈庄'
497, '仲戈庄村'
498, '仲村小区'
499, '任家岭'
500, '伊春路'
501, '伊春路佳木斯路站'
502, '伊春路南京路站'
503, '优客'
504, '会展中心'
505, '伟东尚城'
506, '体育馆'
507, '体育馆站'
508, '何家'
509, '何家社区'
510, '佛涛路'
511, '佛耳崖'
512, '佛耳崖东'
513, '佳乐家'
514, '佳木斯二路'
515, '佳木斯路北站'
516, '佳驿商务宾馆'
517, '依云小镇'
518, '依泉路温泉一路'
519, '侯家庄'
520, '侯家庄社区'
521, '侯家段河'
522, '侯家段河社区'
523, '便民中心北'
524, '保儿'
525, '保儿馨都'
526, '保子埠'
527, '保税港区东门1'
528, '保税港区东门2'
529, '保税港区北门'
530, '保税港区西门'
531, '保税港区西门站'
532, '保税物流中心东'
533, '保税物流中心站'
534, '信号山公园站'
535, '信泰怡和科技园站'
536, '信达医院'
537, '信阳'
538, '信阳一村'
539, '信阳北'
540, '信阳北站'
541, '信阳大集'
542, '傅家埠'
543, '傅家埠南站'
544, '傍海中路湖岛路'
545, '傍海中路瑞昌路'
546, '傍海中路镇平支路'
547, '元宁路乐海路'
548, '元泰银行(南)'
549, '元泰银行南站'
550, '元硕路丰海路'
551, '光大梦之都'
552, '光大梦之都站'
553, '光大集团'
554, '光大集团站'
555, '党史纪念馆'
556, '党校'
557, '党校站'
558, '八中'
559, '八大湖公园'
560, '八通钢构'
561, '八里三村'
562, '八里庄社区'
563, '八零小伙'
564, '公交总站'
565, '公园路'
566, '公园路站'
567, '公安局'
568, '公安局站'
569, '公用事业集团'
570, '公路站'
571, '六合桥站'
572, '六合社区'
573, '六合社区北'
574, '六合社区北站'
575, '六合社区南站'
576, '六合社区站'
577, '六汪'
578, '六汪便民中心'
579, '六汪枢纽站'
580, '六汪枢纽站(东丰路)'
581, '六汪西'
582, '兰东'
583, '兰东路'
584, '兰亭小学'
585, '兰家庄'
586, '兰山'
587, '兰欧酒店'
588, '兴华苑'
589, '兴国路'
590, '兴国路永平路'
591, '兴国路重庆中路'
592, '兴城路'
593, '兴城路四流北路站'
594, '兴城路站'
595, '兴宝苑'
596, '兴旺花园'
597, '兴阳路西站'
598, '兴阳路锦城路站'
599, '兴阳路靖城路'
600, '兴隆一路'
601, '兴隆一路兴隆路'
602, '兴隆家园'
603, '兴隆庄北'
604, '兴隆花园'
605, '兴隆路宜昌路'
606, '内蒙古路长春路'
607, '军工产业发展中心'
608, '军民融合学院'
609, '农业大学'
610, '农业大学东站'
611, '农业大学西站'
612, '农大宿舍'
613, '农高区管委'
614, '冯北'
615, '冯家坊'
616, '冯家坊村委'
617, '冯家坊站'
618, '冯家滩'
619, '冯家滩站'
620, '冷家小庄'
621, '冷家庄'
622, '冷家沙沟'
623, '冷家阿洛'
624, '凤凰台小学'
625, '凤凰山公园'
626, '凤凰山路东岳路'
627, '凤凰山路北站'
628, '凤凰山路地铁站'
629, '凤凰山路灵山湾路'
630, '凤凰山路铁橛山路'
631, '凤凰山路问海路'
632, '凤凰岛'
633, '凤凰岛小学'
634, '凤凰庄'
635, '凤凰社区站'
636, '凤凰都'
637, '凤凰都站'
638, '凤墩'
639, '凤岗路'
640, '凤岭一路'
641, '凤岭一路东'
642, '凤岭一路嶺海中路'
643, '凤玉路珠山路'
644, '凰蹲山路海王路'
645, '刘公岛路市场'
646, '刘前村站'
647, '刘卜疃'
648, '刘卜疃站'
649, '刘家下庄'
650, '刘家下河'
651, '刘家台'
652, '刘家园'
653, '刘家园北'
654, '刘家园站'
655, '刘家大村站'
656, '刘家小水'
657, '刘家崖下南'
658, '刘家崖下站'
659, '刘家庄'
660, '刘家庄东'
661, '刘家庄社区'
662, '刘家庄站'
663, '刘家村'
664, '刘家村站'
665, '刘家横岭'
666, '刘家段河'
667, '刘家段河北'
668, '刘家疃'
669, '刘家社区站'
670, '刘家草泊'
671, '刘家营'
672, '刘家营天风北路'
673, '刘家营小区'
674, '刘新村'
675, '刘梅家庄'
676, '刘沟'
677, '刘沟站'
678, '创业中心'
679, '创业中心站'
680, '创业产业园'
681, '创业南路'
682, '创业大厦'
683, '创业大厦南'
684, '创城科技城西'
685, '创新科技城'
686, '创新科技城西'
687, '利津路'
688, '利津路汽车站'
689, '利津路辽宁路'
690, '别家'
691, '别家站'
692, '前二沟'
693, '前二沟前'
694, '前二沟北'
695, '前六汪'
696, '前六汪站'
697, '前古镇'
698, '前古镇西'
699, '前吉林站'
700, '前官庄'
701, '前尧站'
702, '前徐家庄'
703, '前徐家庄站'
704, '前旺疃'
705, '前旺疃西'
706, '前显沟'
707, '前松园'
708, '前桃林'
709, '前沙戈庄'
710, '前沟站'
711, '前海花园'
712, '前海花园东'
713, '前湾港'
714, '前湾港西门'
715, '前湾港路昆仑山路1'
716, '前湾港路江山路'
717, '前王站'
718, '前田'
719, '前田瑞阳路'
720, '前石沟'
721, '前程社区'
722, '前立柱'
723, '前立柱站'
724, '前老窝'
725, '前茂甲庄'
726, '前茂甲庄站'
727, '前草场'
728, '前草场站'
729, '前营'
730, '前车村'
731, '前辛庄'
732, '前辛庄站'
733, '前辛庄西'
734, '前进'
735, '前金'
736, '前金停车场'
737, '前韩家'
738, '前马连'
739, '前马连沟村'
740, '前马连社区东'
741, '前龙古'
742, '动投基金谷'
743, '动投壹中心'
744, '动漫产业园'
745, '动物园'
746, '动物园北门'
747, '劲松一路'
748, '劲松七路合肥路'
749, '劲松七路同安路'
750, '劲松七路滁州路'
751, '劲松七路滁州路站'
752, '劲松七路辽阳东路'
753, '劲松三路同兴路站'
754, '劲松三路滁州路站'
755, '劲松三路辽阳西路'
756, '劲松三路银川西路'
757, '劲松四路同和路'
758, '劲松四路辽阳西路'
759, '包头路小学'
760, '北七格庄'
761, '北九水'
762, '北仲小区'
763, '北仲路'
764, '北卧龙庄'
765, '北后楼'
766, '北后楼东'
767, '北后楼东站'
768, '北后楼社区'
769, '北头社区'
770, '北姜'
771, '北宅'
772, '北宅停车场'
773, '北宅科'
774, '北安办事处(西)'
775, '北安子'
776, '北寨'
777, '北寨东站'
778, '北屯'
779, '北山口'
780, '北岚'
781, '北岚路口'
782, '北岭'
783, '北岭人民路'
784, '北岭人民路站'
785, '北岭山森林公园'
786, '北岭杭州路'
787, '北崂'
788, '北师大附属学校'
789, '北庄'
790, '北庄扶'
791, '北张哥庄'
792, '北张新城'
793, '北村'
794, '北村西'
795, '北村西站'
796, '北杜村'
797, '北桃园'
798, '北泊子村'
799, '北泥'
800, '北海公园'
801, '北疃'
802, '北程'
803, '北程东'
804, '北船职工公寓'
805, '北船职工公寓站'
806, '北船重工'
807, '北苑风景'
808, '北茶商街'
809, '北里村'
810, '北门外'
811, '北门外站'
812, '北门里'
813, '北马家庄北'
814, '北马家庄站'
815, '北马连'
816, '北马连前'
817, '北高家庄'
818, '北高家庄东'
819, '北高家庄东站'
820, '北高家庄西'
821, '北龙口'
822, '北龙口西'
823, '区医院'
824, '医药公司'
825, '医药公司站'
826, '十中'
827, '十中站'
828, '十字路园'
829, '十字路园北'
830, '十梅庵'
831, '十梅庵停车场'
832, '十梅庵公园'
833, '十梅庵路南岭路'
834, '十梅庵路帅潮路站'
835, '十梅庵路文昌路站'
836, '十梅庵路重庆中路站'
837, '千佛山路阳江路'
838, '千家村'
839, '千禧国际村'
840, '千禧银杏苑'
841, '千禧银杏苑站'
842, '升平路小区'
843, '升平路小学'
844, '升平路永平路'
845, '升平路永年路'
846, '升平路永康路'
847, '午山'
848, '华世洁环保'
849, '华东百利酒庄'
850, '华东路锦业路'
851, '华东路锦暄路'
852, '华东路锦汇路'
853, '华严寺'
854, '华严路'
855, '华中路火炬路'
856, '华商'
857, '华商福地'
858, '华城路南站'
859, '华城路平阳路'
860, '华城路平阳路站'
861, '华塑机械'
862, '华安路东站'
863, '华安路书霞路'
864, '华安路王沙路'
865, '华安驾校'
866, '华安驾校站'
867, '华山医院'
868, '华山政府'
869, '华山站'
870, '华山联通'
871, '华强路岙东路站'
872, '华桥'
873, '华桥社区'
874, '华楼山'
875, '华泰新苑'
876, '华胥美邦'
877, '华胥美邦小区'
878, '华能'
879, '华裕·唐城'
880, '华裕·唐城站'
881, '华贯路丰年路'
882, '华贯路正阳西路'
883, '华贯路锦安路'
884, '华贯路锦荣路'
885, '华阳'
886, '华阳社区'
887, '华阳路安丘路'
888, '华阳路昌邑路'
889, '华阳路营口路'
890, '华阴北山'
891, '卓亭广场'
892, '单家街'
893, '南七格庄'
894, '南万'
895, '南丰路'
896, '南丰路四流南路站'
897, '南丰路萍乡路站'
898, '南九水路'
899, '南京路伊春路'
900, '南京路哈尔滨路'
901, '南京路如东路'
902, '南京路如东路站'
903, '南京路宁夏路1'
904, '南京路宁夏路2'
905, '南京路江西路'
906, '南京路西湖路'
907, '南京路闽江路'
908, '南关市场'
909, '南北屯'
910, '南北辛置'
911, '南卧龙庄'
912, '南坡'
913, '南城阳'
914, '南城阳社区'
915, '南埠后'
916, '南宅'
917, '南宅科'
918, '南寨'
919, '南寨社区'
920, '南寺站'
921, '南小庄站'
922, '南屋石'
923, '南屋石玉虹路'
924, '南屋石社区'
925, '南屯'
926, '南山公园'
927, '南山口'
928, '南岚'
929, '南岚路口'
930, '南岛小镇'
931, '南岛小镇东'
932, '南岛小镇西门'
933, '南岭'
934, '南岭沟'
935, '南岭沟西站'
936, '南岭站'
937, '南岭风情'
938, '南崂'
939, '南崂路黑龙江中路'
940, '南庄'
941, '南庄一'
942, '南庄东'
943, '南庄二'
944, '南庄华楼山路'
945, '南庄小区'
946, '南庄路口'
947, '南方家园'
948, '南方家园(朱诸路)'
949, '南昌路北站'
950, '南昌路瑞昌路'
951, '南昌路萍乡路'
952, '南昌路萍乡路1站'
953, '南昌路萍乡路2'
954, '南昌路萍乡路3站'
955, '南泥'
956, '南流路南站'
957, '南海路'
958, '南海路站'
959, '南渠'
960, '南港安置小区'
961, '南王家上流东川路'
962, '南王庄'
963, '南疃'
964, '南疃东'
965, '南疃社区'
966, '南窑'
967, '南窑东'
968, '南街'
969, '南街站'
970, '南辛庄'
971, '南选村'
972, '南邱家白庙'
973, '南长岭'
974, '南鞍子'
975, '南龙口'
976, '博瑞克'
977, '卜家庄'
978, '卜落林站'
979, '卢家官庄'
980, '卢家庄'
981, '卧棚'
982, '卧龙山庄百鸟园'
983, '卧龙山庄百鸟园站'
984, '卧龙村站'
985, '卧龙社区'
986, '卫东站'
987, '卫校'
988, '印江路'
989, '即发集团'
990, '即城界'
991, '即墨东方医院'
992, '即墨二中'
993, '即墨公交枢纽南站'
994, '即墨商城车站'
995, '即墨服装市场'
996, '即墨火车北站综合枢纽站'
997, '即墨电子信息城'
998, '即墨黄家营'
999, '双元路北站'
1000, '双元路文阳路'
1001, '双元路春阳路'
1002, '双元路正阳中路1'
1003, '双元路正阳中路2'
1004, '双元路河东路'
1005, '双元路裕园一路'
1006, '双元路鑫山路'
1007, '双凤山路玉锦路'
1008, '双台'
1009, '双埠环湾路站'
1010, '双墩'
1011, '双山'
1012, '双山宁乡支路'
1013, '双山馨城'
1014, '双峰'
1015, '双庙'
1016, '双星'
1017, '双星站'
1018, '双桥路元业路'
1019, '双桥路长顺路'
1020, '双珠公园'
1021, '双珠公园站'
1022, '双珠路'
1023, '双珠路地铁站'
1024, '双珠路地铁站西'
1025, '双语小学'
1026, '双语小学西校区'
1027, '发国集团'
1028, '发国集团站'
1029, '口腔医院'
1030, '古城顶'
1031, '古岛'
1032, '古庙头'
1033, '古早文化城'
1034, '古月山庄'
1035, '古镇'
1036, '古镇口地铁站'
1037, '古镇口地铁站东'
1038, '古镇口车辆基地'
1039, '古镇小学'
1040, '古镇营'
1041, '古镇营北'
1042, '古镇营站'
1043, '叫儿埠'
1044, '可乐石'
1045, '台东'
1046, '台东一路'
1047, '台东一路东光路'
1048, '台东八路'
1049, '台东八路大成路'
1050, '台东八路大成路站'
1051, '台东延安二路'
1052, '台东郭口路'
1053, '台南路'
1054, '台头'
1055, '台头东'
1056, '台子沟'
1057, '台子沟西'
1058, '台柳路常宁路'
1059, '台柳路开平路'
1060, '台柳路福州北路'
1061, '台柳路蚌埠路'
1062, '台柳路长沙路'
1063, '台湾路珠海路站'
1064, '台西三路贵州路'
1065, '台西头(灵芝山二路)'
1066, '台西头站'
1067, '史家泊子'
1068, '史家泊子社区站'
1069, '史家疃村'
1070, '合心路海月路'
1071, '合心路火炬路'
1072, '合肥路东宁路'
1073, '合肥路劲松三路'
1074, '合肥路宁安路'
1075, '合肥路富饶路'
1076, '合肥路深圳路'
1077, '吉湄村'
1078, '吉祥号家宴海鲜酒店'
1079, '同乐三路'
1080, '同安路'
1081, '同安路劲松五路'
1082, '同安路同乐三路'
1083, '同安路同福路站'
1084, '同安路燕岭路'
1085, '同安路翠岭路'
1086, '同安路辽阳东路'
1087, '同安路辽阳东路站'
1088, '同德路劲松一路'
1089, '同春公司'
1090, '同济医院'
1091, '同济医院站'
1092, '同盛苑'
1093, '同顺路北站'
1094, '同顺路合心路'
1095, '同顺路汇智桥路'
1096, '名仕家园'
1097, '名园路北站'
1098, '后古镇'
1099, '后古镇社区'
1100, '后官庄'
1101, '后寨'
1102, '后尹家沟'
1103, '后岚站'
1104, '后庄'
1105, '后徐家庄'
1106, '后徐家庄站'
1107, '后村'
1108, '后桃林'
1109, '后桃林东'
1110, '后桃林北'
1111, '后沙戈庄'
1112, '后海西'
1113, '后王站'
1114, '后疃'
1115, '后立柱'
1116, '后茂甲庄'
1117, '后草场'
1118, '后草场站'
1119, '后许家'
1120, '后辛庄'
1121, '后辛庄站'
1122, '后辛庄西'
1123, '后金'
1124, '后金观光园'
1125, '后马连沟村'
1126, '后高家横岭'
1127, '向荣村'
1128, '向阳'
1129, '向阳南'
1130, '向阳南站'
1131, '向阳小区'
1132, '向阳岭路'
1133, '向阳岭路凤凰山路'
1134, '向阳岭路凰蹲山路'
1135, '向阳社区南'
1136, '向阳站'
1137, '吕家大庄'
1138, '吕家屯'
1139, '君峰路书院路'
1140, '君峰路少山路'
1141, '君峰路虎山路'
1142, '君峰路金水路'
1143, '听溪园小区'
1144, '吴家村'
1145, '吴淞路陵县路'
1146, '周口路'
1147, '周口路开平路'
1148, '周口路洛阳路'
1149, '周哥庄'
1150, '周哥庄东'
1151, '周哥庄停车场'
1152, '周哥庄南'
1153, '周哥庄社区'
1154, '周哥庄西'
1155, '周家庄'
1156, '周家庄汇海路'
1157, '周家村'
1158, '周家河站'
1159, '周村'
1160, '周村东'
1161, '周村前'
1162, '周村西'
1163, '和兴路'
1164, '和兴路小区'
1165, '和平站'
1166, '和源路丰庆路'
1167, '和源路丰隆路'
1168, '和源路正阳西路'
1169, '和璧花园小区'
1170, '和达·梦想城'
1171, '和达中心城'
1172, '和达和城'
1173, '和达智慧生态城站'
1174, '和达璟城'
1175, '和阳路华城路'
1176, '和阳路江城路'
1177, '和阳路绣城路'
1178, '和阳路黑龙江北路'
1179, '哈尔滨工程大学'
1180, '哈尔滨工程大学东'
1181, '哈尔滨工程大学西'
1182, '哈尔滨路台柳路'
1183, '哈尔滨路台柳路1'
1184, '哈尔滨路台柳路2'
1185, '哈尔滨路清江路'
1186, '哈尔滨路鞍山路'
1187, '响水沟'
1188, '唐家庄'
1189, '唐家庄站'
1190, '唐山路兴国二路'
1191, '唐山路永平路'
1192, '唐山路社区'
1193, '唐山路重庆中路'
1194, '唐岛海岸'
1195, '唐岛湾国家湿地公园观景亭'
1196, '唐岛湾小区'
1197, '唐岛湾小区(唐岛湾A小区)'
1198, '唐岛湾路'
1199, '唐岛湾路东'
1200, '唐岛湾路东站'
1201, '唐岛湾路幼儿园'
1202, '唐岛湾路站'
1203, '唐河路镇平路'
1204, '商丘路开平路站'
1205, '商丘路洛阳路站'
1206, '商城'
1207, '商城站'
1208, '善家屯'
1209, '喜鹊山路'
1210, '喜鹊山路北'
1211, '喜鹊山路北站'
1212, '喜鹊山路南站'
1213, '喜鹊山路站'
1214, '嘉兴路'
1215, '嘉善路鞍山一路'
1216, '嘉宁路'
1217, '嘉宁路南'
1218, '嘉宁路站'
1219, '嘉定山'
1220, '嘉定路'
1221, '嘉定路东站'
1222, '嘉富路南'
1223, '嘉富路南站'
1224, '嘉富路灵山湾路'
1225, '嘉峪关路'
1226, '嘉祥路磁山路'
1227, '嘉里粮油公司'
1228, '嘉陵江东路东江路'
1229, '嘉陵江东路长江东路'
1230, '嘉陵江路小学'
1231, '四中队'
1232, '四季景园'
1233, '四季景园东'
1234, '四季景园东1'
1235, '四季景园东2'
1236, '四季花城'
1237, '四川路停车场'
1238, '四川路巨野路站'
1239, '四川路滋阳路'
1240, '四川路滋阳路2站'
1241, '四方'
1242, '四方2'
1243, '四方2站'
1244, '四方大酒店'
1245, '四方宣化路'
1246, '四方小学'
1247, '四方杭州路'
1248, '四方车辆研究所'
1249, '四水'
1250, '四流中支路'
1251, '四流中支路太原路'
1252, '四流中路兴华路'
1253, '四流中路兴华路站'
1254, '四流北路楼山路2站'
1255, '四流北路楼山路站'
1256, '四流北路永平路'
1257, '四流南路南丰路'
1258, '四流南路开封路'
1259, '四流南路开平路'
1260, '四舍'
1261, '团岛'
1262, '团岛台西一路'
1263, '团岛四川路'
1264, '团岛四川路2'
1265, '团岛站'
1266, '团岛贵州路'
1267, '团结站'
1268, '囤山'
1269, '囤山西'
1270, '国信体育馆'
1271, '国信体育馆南门'
1272, '国壮农贸市场'
1273, '国学公园'
1274, '国家海洋实验室南门'
1275, '国家海洋科研中心'
1276, '国家质检中心基地'
1277, '国家质检装备产业园'
1278, '国开双语学校'
1279, '国彩印刷站'
1280, '国旅大酒店'
1281, '国旅大酒店站'
1282, '国科大海洋学院'
1283, '国科大海洋学院东'
1284, '国科大海洋学院西'
1285, '国际工艺品城'
1286, '国际海岸'
1287, '图书馆'
1288, '圆中方大酒店'
1289, '圈子'
1290, '圈里'
1291, '土山屯南站'
1292, '土山屯站'
1293, '圣元'
1294, '圣元站'
1295, '圣元路'
1296, '圣大针织'
1297, '圣大针织站'
1298, '圣富花苑'
1299, '圣瓦伦丁庄园'
1300, '地恒春天'
1301, '地铁西海岸综合楼'
1302, '场元村'
1303, '坊上'
1304, '坊子街'
1305, '坡前沟'
1306, '坡前沟西'
1307, '坡前沟西站'
1308, '城关医院'
1309, '城发大厦'
1310, '城发大厦站'
1311, '城子埠'
1312, '城子社区'
1313, '城市传媒广场'
1314, '城市桂冠'
1315, '城市桂冠站'
1316, '城市花园'
1317, '城市阳台'
1318, '城管局'
1319, '城阳一中'
1320, '城阳三中'
1321, '城阳九中'
1322, '城阳二医'
1323, '城阳五中'
1324, '城阳人民医院'
1325, '城阳人民广场'
1326, '城阳六中'
1327, '城阳兰家庄'
1328, '城阳区政府'
1329, '城阳十三中'
1330, '城阳十中'
1331, '城阳十五中'
1332, '城阳四中'
1333, '城阳实验中学'
1334, '城阳实验二小'
1335, '城阳市民中心'
1336, '城阳广电中心'
1337, '城阳建材批发市场'
1338, '城阳张家庄'
1339, '城阳村'
1340, '城阳汽车站'
1341, '城阳王家村'
1342, '城阳王家村北'
1343, '城阳王家村萃园路'
1344, '城阳看守所'
1345, '城阳职专'
1346, '城阳装饰城'
1347, '城阳西'
1348, '埠上兰'
1349, '埠东佳苑'
1350, '埠岭头'
1351, '埠石村'
1352, '塔丁路'
1353, '塔山坡'
1354, '塔山坡站'
1355, '塔桥'
1356, '墨城路南枢纽站'
1357, '墨得水'
1358, '墨得水一村'
1359, '墨得水三村北'
1360, '墨水河桥'
1361, '墨香路'
1362, '墨香路临港路'
1363, '墨香路站'
1364, '墩上'
1365, '墩上站'
1366, '复旦大学青岛研究院'
1367, '复星物流'
1368, '夏塔路南流路'
1369, '夏家屯公寓'
1370, '夏家庄'
1371, '夏屯公寓'
1372, '夏庄'
1373, '夏庄东方城停车场'
1374, '夏庄北'
1375, '夏庄夏塔路站'
1376, '夏庄街道'
1377, '夏庄路中崂路'
1378, '夏庄路中崂路站'
1379, '夏庄路向阳路'
1380, '夏庄路虎山路'
1381, '夏庄路金水路'
1382, '夏河城'
1383, '夏河城站'
1384, '外贸学院北校'
1385, '大下庄'
1386, '大下庄站'
1387, '大于家东'
1388, '大于家东站'
1389, '大于家北'
1390, '大于家站'
1391, '大公岛路站'
1392, '大公海岸'
1393, '大北曲'
1394, '大北曲东'
1395, '大北曲前社区'
1396, '大北曲北'
1397, '大北曲靖城路'
1398, '大南庄'
1399, '大南庄站'
1400, '大南庄西'
1401, '大卢家滩'
1402, '大卢家滩站'
1403, '大台'
1404, '大台站'
1405, '大名路小学'
1406, '大周村东'
1407, '大周村西'
1408, '大哨头'
1409, '大哨头南站'
1410, '大哨头站'
1411, '大唐风电'
1412, '大场'
1413, '大场南'
1414, '大场同三站'
1415, '大场换乘站'
1416, '大场站'
1417, '大场西'
1418, '大场西站'
1419, '大埠东小区'
1420, '大埠头'
1421, '大埠洼'
1422, '大埠阴'
1423, '大夼'
1424, '大学路'
1425, '大官庄'
1426, '大小埠头'
1427, '大小金家'
1428, '大尚庄站'
1429, '大尧站'
1430, '大山'
1431, '大山张站'
1432, '大山社区'
1433, '大山萍乡路'
1434, '大岔口'
1435, '大岚站'
1436, '大岭'
1437, '大崂'
1438, '大崂社区'
1439, '大崂路夏庄路'
1440, '大崂路巨峰路'
1441, '大崔家庄'
1442, '大崔家庄站'
1443, '大崮南'
1444, '大庄'
1445, '大庄东站'
1446, '大庄北站'
1447, '大庄站'
1448, '大庄西站'
1449, '大店东'
1450, '大庙口'
1451, '大张八'
1452, '大张八小学'
1453, '大张八站'
1454, '大报屋'
1455, '大新庄'
1456, '大新庄站'
1457, '大朱阳'
1458, '大朱阳西'
1459, '大村交管所'
1460, '大村交管所站'
1461, '大村庄'
1462, '大村换乘站'
1463, '大枣园'
1464, '大枣园路雨湖路'
1465, '大柳家庄'
1466, '大桥'
1467, '大桥村'
1468, '大桥站'
1469, '大森格庄'
1470, '大楼'
1471, '大楼子'
1472, '大楼站'
1473, '大殷社区'
1474, '大沙支路'
1475, '大沙路'
1476, '大沙路停车场'
1477, '大沙路大沙支路'
1478, '大沙路大沙支路站'
1479, '大沟站'
1480, '大河东'
1481, '大河东西站'
1482, '大河西'
1483, '大河西站'
1484, '大泊子社区'
1485, '大泥沟头站'
1486, '大泮'
1487, '大泮社区'
1488, '大洋地铁站'
1489, '大洼'
1490, '大涝沟站'
1491, '大涧'
1492, '大淳于路口'
1493, '大港'
1494, '大湾居委会站'
1495, '大湾港路'
1496, '大湾港路站'
1497, '大湾社区站'
1498, '大溜'
1499, '大王家庄'
1500, '大珠山中路'
1501, '大珠山中路站'
1502, '大珠山中路隐珠山路'
1503, '大珠山中路隐珠山路站'
1504, '大珠山北路'
1505, '大珠山地铁站'
1506, '大珠山收费站'
1507, '大疃'
1508, '大相家'
1509, '大石头'
1510, '大石头村'
1511, '大石岭站'
1512, '大石庙'
1513, '大石村站'
1514, '大石村西'
1515, '大石河口'
1516, '大石社区'
1517, '大窑西'
1518, '大窝洛'
1519, '大胡埠'
1520, '大芦疃'
1521, '大花口站'
1522, '大荒'
1523, '大荒站'
1524, '大荣华站'
1525, '大营'
1526, '大袁家沟'
1527, '大观园'
1528, '大连路无棣路'
1529, '大连路无棣路站'
1530, '大郐家沟'
1531, '大陈村'
1532, '大陡崖'
1533, '大马家疃站'
1534, '大龙嘴'
1535, '大龙嘴东'
1536, '天一卢河水岸'
1537, '天一畔城东站'
1538, '天井山'
1539, '天井山一路'
1540, '天井山十字路口'
1541, '天和'
1542, '天和医院'
1543, '天和医院站'
1544, '天和站'
1545, '天宇花园'
1546, '天宇花园站'
1547, '天安数码城'
1548, '天山一路枢纽站'
1549, '天山小区安庆路'
1550, '天山路'
1551, '天康路'
1552, '天水路松岭路'
1553, '天水路汉川路'
1554, '天水路清溪路'
1555, '天河路停车场'
1556, '天河路新郑路'
1557, '天泰体育场'
1558, '天泰体育场3'
1559, '天泰体育场站'
1560, '天泰城'
1561, '天泰城停车场'
1562, '天泰奥园'
1563, '天津路河北路'
1564, '天熙养生城'
1565, '天目山路'
1566, '天目山路农贸市场'
1567, '天目山路地铁站'
1568, '天目山路地铁站西'
1569, '天福苑小区'
1570, '天竺嘉园站'
1571, '天风北路正阳东路'
1572, '天风南路'
1573, '天风南路王沙路站'
1574, '太原路东站'
1575, '太原路四流中支路'
1576, '太原路四流中支路站'
1577, '太和社区'
1578, '太平山'
1579, '太平庄'
1580, '太平庄站'
1581, '太平角公园'
1582, '太平角公园南'
1583, '太平角六路莲岛路'
1584, '太清路龙潭路站'
1585, '太湖路洪泽湖路站'
1586, '太行山路'
1587, '太行山路北江路'
1588, '太行山路富春江路'
1589, '太行山路沅江路'
1590, '太行山路象湾路'
1591, '太行山路香江路'
1592, '太行山路鹏湾路'
1593, '太行山路黄浦江路'
1594, '夹岭沟'
1595, '奋进路松花江路'
1596, '奋进路淮河西路'
1597, '奥体中心·灵山湾壹号'
1598, '奥体中心北'
1599, '奥威机械站'
1600, '奥斯顿新材料'
1601, '奥林匹克雕塑文化园'
1602, '妇儿活动中心'
1603, '妇儿活动中心站'
1604, '妇女儿童医院城阳院区'
1605, '妇幼计生二中心'
1606, '姜哥庄'
1607, '姜哥庄路南站'
1608, '姜家'
1609, '姜家屯'
1610, '姜家泊'
1611, '姜家洼子'
1612, '姜家社区'
1613, '姜格庄'
1614, '姜石'
1615, '威宝路'
1616, '威海路'
1617, '威海路北站'
1618, '威海路台东六路'
1619, '威海路洮南路'
1620, '威海路洮南路站'
1621, '威高中心'
1622, '娄山后'
1623, '娄山翠湖小区'
1624, '子良山公寓'
1625, '子良山后社区站'
1626, '子良山后站'
1627, '孔家庄站'
1628, '孔家庄西'
1629, '孙受'
1630, '孙受加油站'
1631, '孙家屯站'
1632, '孙家庄'
1633, '孙家沟'
1634, '孙家沟站'
1635, '孙家洼'
1636, '孙家白庙'
1637, '孙家社区'
1638, '孙家社区西'
1639, '孙家艾泊'
1640, '孙西'
1641, '孝源店子'
1642, '孟家下夼'
1643, '孟家北'
1644, '孟家庄'
1645, '孟家庄南'
1646, '孟家庄站'
1647, '孟家村'
1648, '孟家汇海路站'
1649, '孟家滩'
1650, '孟家滩东'
1651, '孟庄路北站'
1652, '孟庄路埕口路'
1653, '季家岭'
1654, '学院路东岳东路'
1655, '学院路地铁站'
1656, '宁乡支路台柳路'
1657, '宁乡路常宁路'
1658, '宁乡路德兴路'
1659, '宁乡路怀远路'
1660, '宁乡路新宁路'
1661, '宁化路'
1662, '宁化路平安路'
1663, '宁化路温州路'
1664, '宁城路明阳路'
1665, '宁夏路南京路站'
1666, '宁夏路古田路'
1667, '宁夏路永嘉路'
1668, '宁夏路永嘉路站'
1669, '宁夏路镇江路'
1670, '宁夏路镇江路站'
1671, '宁夏路隆德路'
1672, '宁家'
1673, '宁德路燕儿岛路'
1674, '宁德路燕儿岛路1站'
1675, '宁德路燕儿岛路2'
1676, '宁德路银川西路'
1677, '宁德路青大一路'
1678, '宁德路青大一路站'
1679, '宁武关路'
1680, '宁江二路清凉山三路'
1681, '宁真小学'
1682, '宅科站'
1683, '宇海集团站'
1684, '安乐社区站'
1685, '安亭路'
1686, '安亭路西站'
1687, '安口站'
1688, '安子'
1689, '安子沟站'
1690, '安子站'
1691, '安庆路宁国三路'
1692, '安徽路'
1693, '安泰居'
1694, '安远路'
1695, '安远路站'
1696, '安门庄站'
1697, '安阳路'
1698, '安顺北路兴阳路'
1699, '安顺北路宝陆莱路'
1700, '安顺路'
1701, '安顺路晋中路'
1702, '安顺路沧安路'
1703, '宋家'
1704, '宋家岭'
1705, '宋家庄'
1706, '宋家店子'
1707, '宋家店子站'
1708, '宋家村'
1709, '宋家村站'
1710, '宋家柳沟'
1711, '宋家茔'
1712, '宏通路锦宏东路站'
1713, '官厅园'
1714, '官厅市场'
1715, '官家茔'
1716, '官家茔站'
1717, '官道'
1718, '宜川路'
1719, '宜川路合水路'
1720, '宜川路唐山路'
1721, '宜川路涟水路'
1722, '宜川路金水路'
1723, '宜昌美景'
1724, '宜昌路兴德路'
1725, '宜昌路兴隆路'
1726, '宜阳路长沙路'
1727, '宜阳路长沙路站'
1728, '宝安路长城南路'
1729, '宝山'
1730, '宝山换乘站'
1731, '宝山政府'
1732, '宝山政府站'
1733, '宝山站'
1734, '宝山镇政府'
1735, '宝泉庄'
1736, '宝源路丰沛路'
1737, '宝源路泰祥路'
1738, '宝源路泰鸿路'
1739, '宝龙国际社区'
1740, '宝龙城市广场'
1741, '宝龙广场'
1742, '实华公司'
1743, '实验中学北'
1744, '实验中学北站'
1745, '实验二小'
1746, '实验二小北站'
1747, '实验二小站'
1748, '实验小学'
1749, '实验幼儿园'
1750, '实验高级中学'
1751, '客隆站'
1752, '宫家'
1753, '宫家庄'
1754, '家佳源'
1755, '家佳源站'
1756, '家家悦'
1757, '家家悦站'
1758, '宾川路金水路'
1759, '宾川路金水路南站'
1760, '宿流东'
1761, '宿流北'
1762, '寄马沟'
1763, '富园'
1764, '富园站'
1765, '富居园'
1766, '富春江路太行山路1'
1767, '富春江路太行山路2'
1768, '富源公馆西小区'
1769, '富裕路五指峰路'
1770, '富裕路巨峰路'
1771, '富麟国际'
1772, '寨子山路'
1773, '寨子山路站'
1774, '寨里路'
1775, '寺前村'
1776, '寺前村南站'
1777, '寺后'
1778, '寿光路小学'
1779, '寿光路辽宁路'
1780, '封家官庄'
1781, '封家小庄'
1782, '封家泊'
1783, '将军台社区'
1784, '将军台社区站'
1785, '将军花园'
1786, '小于家站'
1787, '小于庄'
1788, '小井站'
1789, '小井西站'
1790, '小兰东东站'
1791, '小兰东站'
1792, '小兰东西站'
1793, '小北曲'
1794, '小北曲社区'
1795, '小北曲西'
1796, '小北沟'
1797, '小台南'
1798, '小台后'
1799, '小台后站'
1800, '小台站'
1801, '小哨头北'
1802, '小哨头北站'
1803, '小哨头南'
1804, '小哨头南站'
1805, '小哨头站'
1806, '小城之春'
1807, '小埠东'
1808, '小埠头'
1809, '小埠洼'
1810, '小夼'
1811, '小寨子'
1812, '小寨子中城路'
1813, '小寨子中城路站'
1814, '小尧站'
1815, '小屯'
1816, '小崔家庄'
1817, '小崔家庄站'
1818, '小崮南'
1819, '小庄'
1820, '小庄北'
1821, '小店东'
1822, '小庙口'
1823, '小张八站'
1824, '小把刀'
1825, '小朱家洼'
1826, '小朱阳'
1827, '小村庄'
1828, '小村庄1'
1829, '小村庄2'
1830, '小村庄西'
1831, '小杨家'
1832, '小殷家前'
1833, '小殷家西'
1834, '小水小学'
1835, '小水清沟'
1836, '小沟'
1837, '小河东'
1838, '小河东站'
1839, '小河西'
1840, '小河西站'
1841, '小泊'
1842, '小泊站'
1843, '小涧东'
1844, '小涧西'
1845, '小淳于'
1846, '小港'
1847, '小港一路'
1848, '小港一路冠县路'
1849, '小港二路邱县路'
1850, '小港莘县路站'
1851, '小溜东'
1852, '小溧水站'
1853, '小滩站'
1854, '小王家'
1855, '小王家庄'
1856, '小白马河站'
1857, '小石岭'
1858, '小石岭站'
1859, '小石河口'
1860, '小胡埠'
1861, '小芦疃'
1862, '小营'
1863, '小行村'
1864, '小行村(临时站)'
1865, '小袁家沟'
1866, '小西湖1'
1867, '小西湖1站'
1868, '小西湖2'
1869, '小西湖2站'
1870, '小辛庄站'
1871, '小邓陶'
1872, '小邓陶新村'
1873, '小陈庄'
1874, '小陈村'
1875, '小马家疃站'
1876, '小黄山'
1877, '少山路'
1878, '少年宫'
1879, '尖顶'
1880, '尚东区'
1881, '尚家庄'
1882, '尚家沟'
1883, '尚庄'
1884, '尚庄站'
1885, '尹家圈'
1886, '尹家大庄'
1887, '尹家村北'
1888, '展家'
1889, '屯地'
1890, '屯里集'
1891, '山东大学公交换乘站'
1892, '山东大学站'
1893, '山东头'
1894, '山东头站'
1895, '山东头路苗岭支路'
1896, '山东村'
1897, '山东科技大学'
1898, '山东科技大学北'
1899, '山东路南宁路'
1900, '山东路宁夏路'
1901, '山东路江西路'
1902, '山东路鞍山路'
1903, '山东路鞍山路1'
1904, '山东路鞍山路2'
1905, '山东路鞍山路站'
1906, '山兴·汇龙城'
1907, '山兴·汇龙城站'
1908, '山兴·观海华庭'
1909, '山兴·观海华庭站'
1910, '山兴集团'
1911, '山后站'
1912, '山周'
1913, '山周新村'
1914, '山周新村站'
1915, '山周站'
1916, '山大三路'
1917, '山大乐水居北区'
1918, '山大乐水居南区'
1919, '山大生活区'
1920, '山子西'
1921, '山子西东'
1922, '山家前站'
1923, '山柴'
1924, '山樊家站'
1925, '山水嘉园'
1926, '山水新城'
1927, '山水新城北'
1928, '山水新城西'
1929, '山河城'
1930, '山海和圣园'
1931, '山海景园小区'
1932, '山海湾西门'
1933, '山王'
1934, '山王河路牧马山路'
1935, '山王站'
1936, '山王西'
1937, '山色峪'
1938, '山色峪停车场'
1939, '山角东'
1940, '山角社区'
1941, '山赵'
1942, '山赵西'
1943, '山里'
1944, '山里地铁站'
1945, '山陈'
1946, '岔河站'
1947, '岗河头'
1948, '岙东中路正阳西路站'
1949, '岙东中路汇海路'
1950, '岙东北路春阳路'
1951, '岙东路华强路'
1952, '岙东路广博路'
1953, '岙东路新业路'
1954, '岙东路新业路站'
1955, '岙东路新悦路'
1956, '岙东路新韵路'
1957, '岙东路火炬路'
1958, '岚上村'
1959, '岚子'
1960, '岚桑'
1961, '岭前头站'
1962, '岭前马家庄站'
1963, '岭南头站'
1964, '岭南庄'
1965, '岭西'
1966, '岭西头'
1967, '岳家'
1968, '岳阳路'
1969, '岳阳路东海一路'
1970, '峄山站'
1971, '峄山路站'
1972, '峡口庙'
1973, '峡沟'
1974, '峡沟站'
1975, '峨眉山路钱塘江路'
1976, '峪夼东'
1977, '峪夼村小区'
1978, '峪夼社区'
1979, '峪夼西'
1980, '峰山西社区'
1981, '峰山路'
1982, '崂山(大河东)游客服务中心站'
1983, '崂山三中'
1984, '崂山书院'
1985, '崂山五中'
1986, '崂山党校'
1987, '崂山六中'
1988, '崂山六中西站'
1989, '崂山区政府'
1990, '崂山区行政服务大厅'
1991, '崂山十一中'
1992, '崂山文化中心'
1993, '崂山河东社区'
1994, '崂山港东'
1995, '崂山路九水东路站'
1996, '崇文路'
1997, '崇明岛路小学'
1998, '崇明岛路邮电支局'
1999, '崇阳路'
2000, '崔家屯'
2001, '崔家屯村委'
2002, '崔家庄站'
2003, '崔家沟'
2004, '崔家滩'
2005, '崔家滩东站'
2006, '崔家滩站'
2007, '崔戈庄'
2008, '崔戈庄东'
2009, '崔戈庄东站'
2010, '崔格庄'
2011, '崖下'
2012, '崖下站'
2013, '崖头'
2014, '嶺海中路凤岭一路'
2015, '嶺海西路凤岭一路'
2016, '嶺海西路凤岭二路'
2017, '左岸风度'
2018, '左岸风度北'
2019, '左批嘴'
2020, '巧克力公寓'
2021, '巨峰路九水东路'
2022, '巨峰路富蕴路'
2023, '巨峰路金水路'
2024, '市东渠'
2025, '市东渠北'
2026, '市北区医院'
2027, '市北区政府'
2028, '市北医院'
2029, '市南医院'
2030, '市场三路'
2031, '市委党校'
2032, '市政公司'
2033, '市政公司站'
2034, '市政府'
2035, '市政府1'
2036, '市政府2'
2037, '市政府南通路'
2038, '市政府山东路'
2039, '市政府山东路2'
2040, '市民健身中心站'
2041, '市民广场'
2042, '市民文化中心'
2043, '市民文化中心站'
2044, '市民服务中心'
2045, '市民服务中心北'
2046, '市民服务中心北站'
2047, '市民服务中心站'
2048, '市民服务中心西'
2049, '市立医院'
2050, '市立医院站'
2051, '市美小学'
2052, '市美站'
2053, '市美西'
2054, '市美西站'
2055, '帅美站'
2056, '常宁路台柳路'
2057, '常宁路宁乡路'
2058, '常家北'
2059, '常家庄'
2060, '常家社区'
2061, '常川路广水路'
2062, '常河店北'
2063, '常河店站'
2064, '平山路南'
2065, '平阳路站'
2066, '幸福村站'
2067, '幸福食品厂'
2068, '广东路'
2069, '广丰支路'
2070, '广博路兰园路'
2071, '广博路华中路'
2072, '广博路和融路'
2073, '广博路岙东路'
2074, '广博路梅园路'
2075, '广博路汇智桥路'
2076, '广博路秀园路'
2077, '广博路竹园路'
2078, '广厦花园'
2079, '广告产业园'
2080, '广城站'
2081, '广州路云南路站'
2082, '广昌路'
2083, '广昌路瑞昌路'
2084, '广水路合川路'
2085, '广水路宾川路'
2086, '广水路汉川路'
2087, '广水路达川路'
2088, '广水路金川路'
2089, '广水路铜川路'
2090, '广水路黑龙江中路'
2091, '广电大厦'
2092, '广电局'
2093, '广电局站'
2094, '广电局西'
2095, '广电局西站'
2096, '广盛路松园路'
2097, '广裕路'
2098, '广西路浙江路'
2099, '广饶路'
2100, '庄子'
2101, '庄家疃'
2102, '庄家疃东站'
2103, '庄家疃西'
2104, '庐山路漓江西路'
2105, '库山沟站'
2106, '店埠农商行'
2107, '店埠医院'
2108, '店埠小学'
2109, '店子'
2110, '店子站'
2111, '庙后北'
2112, '庙头'
2113, '庙头社区'
2114, '庙王家'
2115, '庙石'
2116, '庙石社区'
2117, '庞大佳苑'
2118, '度假区管委'
2119, '度假区管委站'
2120, '康大山语海'
2121, '康大海港苑'
2122, '康大海港苑站'
2123, '康大站'
2124, '康大食品'
2125, '康大食品站'
2126, '康宁路'
2127, '康普顿石油'
2128, '廒上'
2129, '延吉路东站'
2130, '延吉路吴兴路'
2131, '延吉路吴兴路站'
2132, '延吉路延安三路'
2133, '延吉路福州北路'
2134, '延吉路绍兴路站'
2135, '延吉路镇江路'
2136, '延安一路延安路'
2137, '延安三路南九水路'
2138, '延安三路台东六路'
2139, '延安三路芝泉路'
2140, '延安三路芝泉路站'
2141, '延安二路'
2142, '延安二路白云路'
2143, '延安路尖山路站'
2144, '延安路广饶路'
2145, '延安路广饶路站'
2146, '延安路延安一路'
2147, '延安路延安一路1站'
2148, '延安路延安一路2'
2149, '延安路延安二路站'
2150, '延川路大崂路'
2151, '延川路徐水路'
2152, '建元检测'
2153, '建设银行'
2154, '建达路元盛路'
2155, '建邦听海西区'
2156, '开元城'
2157, '开元盛景'
2158, '开发区四中'
2159, '开发区热电厂'
2160, '开封路'
2161, '开封路停车场站'
2162, '开封路四流南路站'
2163, '开山口站'
2164, '开平路九江路'
2165, '开平路周口路'
2166, '开平路安阳路站'
2167, '开平路高阳路'
2168, '开平路高阳路站'
2169, '开平路鲁阳路站'
2170, '开放路太平洋路'
2171, '开放路成业路'
2172, '开泰锦城'
2173, '弗莱社区东门'
2174, '弘元基'
2175, '弘德学校站'
2176, '弘阳家居'
2177, '弘阳家居1'
2178, '弘阳家居站'
2179, '张仓站'
2180, '张家大庄'
2181, '张家寨'
2182, '张家屯站'
2183, '张家庄'
2184, '张家庄南'
2185, '张家楼'
2186, '张家楼地铁站'
2187, '张家楼换乘站'
2188, '张家楼站'
2189, '张家沙沟'
2190, '张家沙沟北'
2191, '张家沙沟北站'
2192, '张家河'
2193, '张家河松岭路站'
2194, '张屯嘴'
2195, '张戈庄'
2196, '张戈庄小学'
2197, '张村'
2198, '张村东'
2199, '彭家庄'
2200, '彭家庄西'
2201, '彰化路'
2202, '徐官庄'
2203, '徐家'
2204, '徐家大村南'
2205, '徐家尧'
2206, '徐家屋子'
2207, '徐家洼'
2208, '徐家草泊'
2209, '徐家麦岛'
2210, '徐家麦岛海游路站'
2211, '徐州路如东路'
2212, '徐州路宁夏路'
2213, '徐村'
2214, '徐水路小学'
2215, '徐福公园'
2216, '徐福公园站'
2217, '得利电器'
2218, '御景新苑小区'
2219, '御海景园'
2220, '德国中心'
2221, '德国足球亚洲基地'
2222, '德安路'
2223, '德泰利群购物中心站'
2224, '德瑞石油'
2225, '德阳路站'
2226, '怀古庄'
2227, '怀远路台柳路'
2228, '怀远路蚌埠路'
2229, '思源路科兴路'
2230, '思源路科海路'
2231, '怡和嘉园小区'
2232, '怡情海岸'
2233, '怡海路乐海路'
2234, '怡海路小学'
2235, '怡翠山庄'
2236, '总部基地国际港'
2237, '恒大金沙滩'
2238, '恒星学院'
2239, '恒源热电'
2240, '悬泉社区'
2241, '惜福镇'
2242, '惠安路站'
2243, '惠欣苑小区'
2244, '惠水路东川路'
2245, '惠水路汉川路'
2246, '惠水路汉川路站'
2247, '意墅湾'
2248, '慕武石'
2249, '慕武石社区'
2250, '慧博花园'
2251, '成业路鸿业路'
2252, '成家庄'
2253, '我乐社区'
2254, '我家·阳光1号'
2255, '我家阳光1号'
2256, '戴家埠'
2257, '戴家尧'
2258, '戴家庄南'
2259, '戴家庄站'
2260, '戴戈庄社区'
2261, '托马斯英语学校'
2262, '承德路'
2263, '抚顺路山东路'
2264, '抚顺路山东路站'
2265, '抚顺路鞍山二路'
2266, '抬头小学'
2267, '抬头站'
2268, '招呼站'
2269, '拥军路映山红路'
2270, '按摩康复医院'
2271, '挪庄'
2272, '振华路东站'
2273, '振华路西站'
2274, '捉马台'
2275, '插旗崖'
2276, '插旗崖村委'
2277, '摩科瑞'
2278, '撒牛沟'
2279, '教师进修学校'
2280, '敦化路南京路'
2281, '敦化路小学'
2282, '敦化路山东路'
2283, '敦化路山东路站'
2284, '敦化路徐州路'
2285, '敦化路连云港路'
2286, '敦化路青田路'
2287, '敬格庄'
2288, '敬老院站'
2289, '文安东路文昌路'
2290, '文安东路重庆中路'
2291, '文安路'
2292, '文峰路西公交枢纽站'
2293, '文昌路北站'
2294, '文昌路大枣园路'
2295, '文昌路湘潭路站'
2296, '文昌路雨湖路'
2297, '文昌路雨湖路站'
2298, '文昌阁'
2299, '文森纺织'
2300, '文森纺织站'
2301, '文汇中学'
2302, '文瑞路玉皇山路'
2303, '文瑞路金爵路'
2304, '文阳路中城路'
2305, '文阳路中川路'
2306, '文阳路停车场'
2307, '文阳路山城路'
2308, '文阳路民城路'
2309, '文阳路江城路'
2310, '文阳路泰城路'
2311, '文阳路锦城路'
2312, '文阳路锦城路站'
2313, '斜屋站'
2314, '斜岚'
2315, '新下庄东'
2316, '新业路同顺路'
2317, '新业路和融路'
2318, '新业路崇仁路'
2319, '新业路崇和路'
2320, '新业路崇盛路'
2321, '新业路聚贤桥路'
2322, '新乡村'
2323, '新乡站'
2324, '新兴街温泉一路'
2325, '新利路停车场'
2326, '新利路停车场站'
2327, '新利路科苑纬四路'
2328, '新华路'
2329, '新华路北'
2330, '新华路北站'
2331, '新华路站'
2332, '新地路'
2333, '新城吾悦广场'
2334, '新城吾悦广场站'
2335, '新大庄'
2336, '新官庄'
2337, '新尚路海月路'
2338, '新建站'
2339, '新悦路和融路'
2340, '新悦路崇盛路'
2341, '新村'
2342, '新河庄村'
2343, '新浦支路'
2344, '新消费体验中心'
2345, '新港山路'
2346, '新胜庄'
2347, '新街口'
2348, '新街口北'
2349, '新街口西'
2350, '新郑路宝安路'
2351, '新闻中心'
2352, '新韵路'
2353, '方城路唐河路'
2354, '方城路大沙支路'
2355, '方特梦幻王国'
2356, '旅游公司'
2357, '日庄客运站'
2358, '日庄社区'
2359, '旧货市场'
2360, '时代城'
2361, '昆仑山南路灵海路'
2362, '昆仑山南路齐长城路'
2363, '昆仑山庄北门'
2364, '昆仑山路嘉陵江西路'
2365, '昆仑山路淮河路'
2366, '昆仑山路渭河路'
2367, '昆仑山路黄河路'
2368, '昆仑首府'
2369, '昌乐路青海路'
2370, '昌平馨园'
2371, '昌新鞋厂'
2372, '明天学院'
2373, '明天学院站'
2374, '明月海藻东站'
2375, '明月海藻站'
2376, '明梓集团'
2377, '明梓集团站'
2378, '明泽慧苑'
2379, '明阳路中城路'
2380, '明阳路康城路'
2381, '明阳路春城路'
2382, '明霞路'
2383, '易通热电站'
2384, '易通路'
2385, '易通路公交首末站'
2386, '星光岛首末站'
2387, '星河湾北'
2388, '星河湾南'
2389, '星海滩路'
2390, '星海滩路胶州湾东路'
2391, '星火集团'
2392, '星石庄'
2393, '星雨华府'
2394, '映山红路秀谷路'
2395, '映月公馆'
2396, '春光山色'
2397, '春城花园'
2398, '春城路春阳路'
2399, '春江郦城'
2400, '春田房车'
2401, '春阳花园'
2402, '春阳花苑'
2403, '春阳路华东路'
2404, '春阳路华贯路'
2405, '春阳路城马路'
2406, '春阳路思源路'
2407, '春阳路春城路'
2408, '春阳路洪海路'
2409, '春阳路祥源路'
2410, '春阳路荣海三路'
2411, '春阳路荣海四路'
2412, '春阳路靖城路'
2413, '晓望'
2414, '晓港名城'
2415, '晓翁村'
2416, '晓翁村振华路'
2417, '晓阳'
2418, '晟业家园'
2419, '晟高·领域'
2420, '晟高·领御'
2421, '晨光园'
2422, '普吉新区'
2423, '普集支路'
2424, '景安路玉霞路'
2425, '景平路十梅庵路'
2426, '景平路湘潭路'
2427, '景平路遵义东路'
2428, '晴融路火炬路'
2429, '智力岛路和融路'
2430, '智力岛路岙东路'
2431, '智力岛路聚贤桥路'
2432, '智岛公寓辛安景苑'
2433, '智慧之城'
2434, '智荣中学'
2435, '暖融路'
2436, '曲哥庄'
2437, '曲家屯'
2438, '曲家庄'
2439, '曲家皂户站'
2440, '曹家'
2441, '曹家沟站'
2442, '曹家溜南'
2443, '曹家溜站'
2444, '曹戈庄'
2445, '曹戈庄北站'
2446, '曹戈庄南站'
2447, '曹戈庄站'
2448, '曾家官庄'
2449, '曾家庄'
2450, '曾家庄站'
2451, '月亮湾小区'
2452, '月亮湾路'
2453, '月亮湾路站'
2454, '月河路瑞德路'
2455, '月湖小区'
2456, '月湖广场'
2457, '月牙河路'
2458, '月龙峰路富锦路'
2459, '服装大世界'
2460, '望屋庄'
2461, '朝阳山地铁站'
2462, '朝阳山小区'
2463, '朝阳山小区站'
2464, '朝阳山路'
2465, '朝阳山路南'
2466, '朝阳山路海王路'
2467, '朝阳山路烟台前路'
2468, '朝阳山路站'
2469, '朝阳村'
2470, '朝阳村东'
2471, '木厂口'
2472, '未来城南门'
2473, '朱家园东'
2474, '朱家园站'
2475, '朱家小庄站'
2476, '朱家屯'
2477, '朱家庄站'
2478, '朱家村'
2479, '朱家村南站'
2480, '朱家沟站'
2481, '朱家河'
2482, '朱家河东'
2483, '朱家河东站'
2484, '朱家河站'
2485, '朱家洼'
2486, '朱郭'
2487, '机关东部办公中心'
2488, '机关东部办公中心站'
2489, '机关东部办公中心西站'
2490, '机关西部办公中心'
2491, '机关西部办公中心站'
2492, '机关西部办公中心西'
2493, '机关西部办公中心西站'
2494, '机械工业园东'
2495, '机械工业园北'
2496, '李仙庄'
2497, '李仙庄锦盛四路'
2498, '李家'
2499, '李家上流'
2500, '李家上流小区'
2501, '李家上流社区'
2502, '李家下庄'
2503, '李家前夼站'
2504, '李家埠'
2505, '李家埠站'
2506, '李家女姑社区'
2507, '李家女姑西'
2508, '李家屯'
2509, '李家庄站'
2510, '李家庵'
2511, '李家曹村'
2512, '李家沙沟'
2513, '李家沟'
2514, '李家沟站'
2515, '李家疃'
2516, '李家白庙'
2517, '李家草泊'
2518, '李家蒲渠'
2519, '李家西城(东)'
2520, '李家阿洛'
2521, '李村'
2522, '李村书院路'
2523, '李村书院路站'
2524, '李村公园'
2525, '李村公园1'
2526, '李村公园2'
2527, '李村公园5'
2528, '李村公园7'
2529, '李村夏庄路'
2530, '李村夏庄路站'
2531, '李村大集'
2532, '李村站'
2533, '李沧体育中心'
2534, '李沧体育中心1'
2535, '李沧体育中心2'
2536, '李沧体育中心3站'
2537, '李沧区政府'
2538, '李沧工业园'
2539, '李沧福利院'
2540, '李沧老年大学'
2541, '李辛社区'
2542, '李魏屯村'
2543, '李黄崖'
2544, '杏杭社区'
2545, '杜家村'
2546, '杜家横沟'
2547, '杜村东'
2548, '杜村工业园'
2549, '杜村派出所'
2550, '杨埠寨'
2551, '杨家屯'
2552, '杨家崮'
2553, '杨家庄'
2554, '杨家庄东'
2555, '杨家庄站'
2556, '杨家洼'
2557, '杨家洼湾'
2558, '杨家洼社区'
2559, '杨家群'
2560, '杨家群丽景苑'
2561, '杭州支路'
2562, '杭州花园'
2563, '杭州路海岸路'
2564, '杭州路海岸路1站'
2565, '杭州路海岸路3'
2566, '杭萧钢构'
2567, '杻杭东'
2568, '松园'
2569, '松园北'
2570, '松园北站'
2571, '松园南'
2572, '松园南站'
2573, '松园站'
2574, '松山后'
2575, '松山子'
2576, '松山路'
2577, '松岭路世园大道'
2578, '松岭路梅岭东路'
2579, '松岭路海大路'
2580, '松岭路科大路'
2581, '松岭路苗岭路'
2582, '松岭路裕福路'
2583, '松岭路辽阳东路'
2584, '松岭路金水路'
2585, '松树庄'
2586, '板桥坊'
2587, '板桥坊1'
2588, '板桥坊2'
2589, '极地海洋世界'
2590, '林家社区'
2591, '林溪美地'
2592, '林语山畔'
2593, '果园路枣园路'
2594, '枣园'
2595, '枣山东路株洲路'
2596, '枣山东路科苑纬四路'
2597, '枯桃'
2598, '枯桃南'
2599, '枯桃花卉中心'
2600, '柏丽澜庭'
2601, '柏乡一村'
2602, '柏乡一村西'
2603, '柏乡三村'
2604, '柏果树南'
2605, '柏果树南站'
2606, '柘涧'
2607, '柳南山'
2608, '柳杭沟站'
2609, '柳沟'
2610, '柳泉路路口'
2611, '柳花泊'
2612, '柳花泊(黄河西路)'
2613, '柳花泊中学'
2614, '柳花泊西'
2615, '柳花泊西站'
2616, '柳行大庄'
2617, '柴岛村'
2618, '标山路上清路'
2619, '栈桥'
2620, '栈桥站'
2621, '株洲路新利路'
2622, '株洲路新源路'
2623, '株洲路科苑纬四路'
2624, '株洲路高昌路'
2625, '格达'
2626, '栾家庄'
2627, '桃园'
2628, '桃园雅居'
2629, '桃源小学'
2630, '桃源居小区'
2631, '桑园'
2632, '桑园社区'
2633, '桑梓路人和路1'
2634, '桑梓路延安路站'
2635, '桑行'
2636, '档案馆'
2637, '档案馆1站'
2638, '档案馆2站'
2639, '桥子站'
2640, '梁家庄站'
2641, '梁家村'
2642, '梁家疃'
2643, '梅园路广博路'
2644, '梅岭西路山东头路'
2645, '梅岭西路海宁路'
2646, '梅岭西路青大三路站'
2647, '梦境江南'
2648, '梧州路'
2649, '梯子沟'
2650, '检察院'
2651, '检察院西'
2652, '棉花路王沙路'
2653, '棋子湾'
2654, '棘洪滩'
2655, '棘洪滩东'
2656, '棘洪滩东站'
2657, '棘洪滩医院'
2658, '棘洪滩岙东北路站'
2659, '棘洪滩街道'
2660, '椒江路井冈山路'
2661, '楼山公园'
2662, '楼山公园站'
2663, '楼山路四流北路'
2664, '楼山路重庆中路'
2665, '榉林公园'
2666, '榉林公园停车场'
2667, '横山后'
2668, '樱花园小区'
2669, '樱花小镇'
2670, '欢乐海湾'
2671, '欢乐海湾站'
2672, '正大'
2673, '正源路科兴路'
2674, '正源路科韵路'
2675, '正阳东路王沙路'
2676, '正阳中路'
2677, '正阳中路中城路'
2678, '正阳中路双元路'
2679, '正阳中路民城路'
2680, '正阳中路河城路'
2681, '正阳关路汇泉路'
2682, '正阳西路丰和路'
2683, '正阳西路丰源路'
2684, '正阳西路丰源路站'
2685, '正阳西路华东路'
2686, '正阳西路华贯路'
2687, '正阳西路宝源路'
2688, '正阳西路岙东中路'
2689, '正阳西路文阳路'
2690, '正阳西路祥和路'
2691, '正阳西路祥源路'
2692, '武宁路'
2693, '武家庄'
2694, '武昌路南海路'
2695, '武胜关路'
2696, '武胜关路站'
2697, '武船重工'
2698, '段家埠'
2699, '段家庄'
2700, '殷家'
2701, '殷家台'
2702, '殷家台站'
2703, '殷家台西站'
2704, '殷家小庄'
2705, '殷家洼子'
2706, '毕家'
2707, '毕家沟站'
2708, '毛公地'
2709, '毛公地宾川路站'
2710, '毛公山'
2711, '毛公山路百福路'
2712, '毛家山后'
2713, '毛家山站'
2714, '毛家山路灵海路'
2715, '民政局'
2716, '民生公园'
2717, '民航路新郑路'
2718, '民航路重庆北路'
2719, '水利服务公司站'
2720, '水厂路口'
2721, '水台'
2722, '水场村'
2723, '水城路'
2724, '水城路泰发路'
2725, '水城路站'
2726, '水岸新都'
2727, '水岸豪庭'
2728, '水库大坝'
2729, '水木年华'
2730, '水泊'
2731, '水泊站'
2732, '水泥制品厂'
2733, '水泥制品厂站'
2734, '水清沟'
2735, '水清沟1'
2736, '水清沟2'
2737, '水清沟二小区'
2738, '水清沟长沙路'
2739, '水灵山路北站'
2740, '水灵山路南'
2741, '水灵山路南站'
2742, '水青木华'
2743, '水青花园'
2744, '水青花园东站'
2745, '永兴庄'
2746, '永合弘丰苑'
2747, '永安路安平路'
2748, '永安路永新路'
2749, '永平家园'
2750, '永平路兴宁路'
2751, '永平路兴山路'
2752, '永平路四流中路'
2753, '永平路四流北路'
2754, '永平路振华路'
2755, '永平路永安路'
2756, '永年路'
2757, '永年路振华路'
2758, '永年路文安路'
2759, '永年路文安路站'
2760, '永年路永安路站'
2761, '永年路邢台路'
2762, '永康小区'
2763, '永清路升平路'
2764, '永盛厂'
2765, '汇文小学'
2766, '汇智广场'
2767, '汇智桥路河东路'
2768, '汇泉广场'
2769, '汇泉雅居'
2770, '汇海路'
2771, '汇海路丰和路'
2772, '汇海路岙东路'
2773, '汇海路海岙路'
2774, '汇海路龙泽路'
2775, '汇海路龙源路'
2776, '汇祥花园'
2777, '汇祥花园北'
2778, '汇祥花园北站'
2779, '汇豪景苑'
2780, '汇金通'
2781, '汉口路大成路'
2782, '汉川路世园大道'
2783, '汉川路九水东路'
2784, '汉川路定水路'
2785, '汉川路惠水路'
2786, '汉川路柞水路'
2787, '汉川路金水路'
2788, '汉梦文教广场'
2789, '汉梦文教广场站'
2790, '汉江路连江路'
2791, '汉河'
2792, '汉河南'
2793, '汉河小学'
2794, '汕上'
2795, '汕头路'
2796, '江家土寨'
2797, '江家土寨松岭路站'
2798, '江家土寨社区南'
2799, '江家土寨社区南站'
2800, '江家土寨西'
2801, '江家庄'
2802, '江山丽城'
2803, '江山北路淮河西路'
2804, '江山瑞城小区'
2805, '江山路前湾港路'
2806, '江山路长江路'
2807, '江西路南京路站'
2808, '江西路山东路'
2809, '江西路徐州路'
2810, '江西路泰州路'
2811, '江西路燕儿岛路'
2812, '江西路燕儿岛路1站'
2813, '江西路燕儿岛路站'
2814, '江西路镇江路'
2815, '汽车东站'
2816, '汽车东站2'
2817, '汽车东站3'
2818, '汽车东站候车室'
2819, '汽车东站停车场'
2820, '汽车东站停车场1'
2821, '汽车东站北门'
2822, '汽车北站'
2823, '汽车北站1'
2824, '汽车北站2'
2825, '汽车北站3'
2826, '汽车北站北门'
2827, '汽车南站'
2828, '汽车城'
2829, '汽车总站'
2830, '汽车总站(东门)'
2831, '汽车总站(北门)'
2832, '沃邦社区'
2833, '沅江路井冈山路'
2834, '沈阳支路沈阳路'
2835, '沈阳路内蒙古路'
2836, '沈阳路沾化路'
2837, '沐官岛路'
2838, '沐官岛路站'
2839, '沙子口'
2840, '沙子口河东'
2841, '沙子口站'
2842, '沙岭子'
2843, '沙岭子站'
2844, '沙岭庄'
2845, '沙岭庄站'
2846, '沙旺庄村'
2847, '沙沟'
2848, '沙沟中村'
2849, '沙沟站'
2850, '沙沟西村'
2851, '沙湾埃'
2852, '沛县支路'
2853, '沟岔'
2854, '沟崖'
2855, '沟崖西'
2856, '沟角'
2857, '沟角社区'
2858, '沧口体育场'
2859, '沧口公园'
2860, '沧台支路沧海路'
2861, '沧台路沧安路'
2862, '沧安路'
2863, '沧海路'
2864, '河东'
2865, '河东社区站'
2866, '河东路华东路'
2867, '河东路华中路'
2868, '河东路华贯路'
2869, '河东路宝源路'
2870, '河东路瑞文路站'
2871, '河东路白沙湾路站'
2872, '河东路祥源路'
2873, '河东路秀园路'
2874, '河北'
2875, '河北站'
2876, '河南'
2877, '河南头'
2878, '河南头社区'
2879, '河南庄'
2880, '河南村'
2881, '河南站'
2882, '河南薛'
2883, '河南邢'
2884, '河城路崇阳路'
2885, '河外站'
2886, '河头'
2887, '河头源场站'
2888, '河套工业园'
2889, '河岔'
2890, '河岔站'
2891, '河崖'
2892, '河崖村'
2893, '河崖站'
2894, '河洛埠前'
2895, '河湾站'
2896, '河西'
2897, '河西庄'
2898, '河西社区'
2899, '河西紫金园'
2900, '河西董'
2901, '河西郭'
2902, '河西郭小学'
2903, '河马石'
2904, '油坊台子'
2905, '油港小区'
2906, '沽河头'
2907, '泉岭'
2908, '泊子村'
2909, '泊里一路'
2910, '泊里医院'
2911, '泊里医院站'
2912, '泊里同三'
2913, '泊里同三站'
2914, '泊里地铁站'
2915, '泊里地铁站西'
2916, '泊里政府'
2917, '泊里政府站'
2918, '泊里枢纽站'
2919, '法家庄(752路)'
2920, '法家庄站'
2921, '泥布湾'
2922, '泥牛庄'
2923, '泰华花园'
2924, '泰华花园站'
2925, '泰发集团'
2926, '泰发集团站'
2927, '泰和佳苑小区'
2928, '泰城路'
2929, '泰城路和阳路'
2930, '泰城路正阳中路'
2931, '泰山路吉林路'
2932, '泰山路派出所'
2933, '泰山路益都路'
2934, '泰州一路'
2935, '泰州路口'
2936, '泽口集'
2937, '洋河社区中心'
2938, '洛东小区'
2939, '洛东小区1'
2940, '洛阳路东站'
2941, '洛阳路兰考路'
2942, '洛阳路商丘路站'
2943, '洛阳路西站'
2944, '洛阳路重庆南路'
2945, '洛阳路重庆南路站'
2946, '洞庭山路卫津河路'
2947, '洪园'
2948, '洪园西'
2949, '洪山坡'
2950, '洪山坡小区'
2951, '洮南路大名路'
2952, '洼子'
2953, '洼里'
2954, '洼里站'
2955, '洽泊'
2956, '派出所'
2957, '派出所站'
2958, '派出所路口'
2959, '流亭'
2960, '流亭医院'
2961, '流亭工业园'
2962, '流亭街道'
2963, '流亭街道东'
2964, '流亭街道东站'
2965, '流清河停车场站'
2966, '济阳路'
2967, '浦东路两江路站'
2968, '浦东路宝安路站'
2969, '浦口路'
2970, '浦里'
2971, '浦里松岭路站'
2972, '浮山军苑'
2973, '浮山军苑南'
2974, '浮山后二小区'
2975, '浮山后六小区'
2976, '浮山后四小区'
2977, '浮山后小区'
2978, '浮山所'
2979, '海上嘉年华'
2980, '海上嘉年华东'
2981, '海上嘉年华站'
2982, '海之冠'
2983, '海之韵'
2984, '海之韵东站'
2985, '海之韵小学青草河校区'
2986, '海之韵站'
2987, '海之韵西'
2988, '海云庵广场'
2989, '海云庵广场1'
2990, '海云庵广场2'
2991, '海伦路'
2992, '海信·花街小镇'
2993, '海信工业园'
2994, '海信模具南'
2995, '海信模具南站'
2996, '海信灵山湾·天玺'
2997, '海信珠山小镇'
2998, '海信立交桥北站'
2999, '海信立交桥南站'
3000, '海信立交桥南站1'
3001, '海信立交桥南站2站'
3002, '海军中学'
3003, '海军公园站'
3004, '海军公园首末站'
3005, '海军军史展览馆'
3006, '海军小学'
3007, '海军路翠岛路'
3008, '海创中心'
3009, '海南岛路'
3010, '海南路'
3011, '海印长天'
3012, '海口路东海东路'
3013, '海口路海兴路'
3014, '海口路海宁路'
3015, '海口路海安路'
3016, '海口路海尔路'
3017, '海口路海川路'
3018, '海口路海江路'
3019, '海口路海游路'
3020, '海口路海青路'
3021, '海口路海龙路'
3022, '海口路麦岛路'
3023, '海园路'
3024, '海园路站'
3025, '海坛路灵山湾路'
3026, '海城路'
3027, '海城路站'
3028, '海大崂山停车场'
3029, '海大崂山校区'
3030, '海大鱼山校区站'
3031, '海安路'
3032, '海容人才公寓'
3033, '海容冷链'
3034, '海尔信息谷'
3035, '海尔山海湾北门'
3036, '海尔工业4.0'
3037, '海尔工业园'
3038, '海尔工业园南门'
3039, '海尔工业园站'
3040, '海尔工业园西站'
3041, '海尔幸福里'
3042, '海尔立交桥'
3043, '海尔路仙霞岭路'
3044, '海尔路同安路'
3045, '海尔路滁州路'
3046, '海尔路滁州路站'
3047, '海尔路苗岭路'
3048, '海尔路辽阳东路'
3049, '海尔路银川东路'
3050, '海尔路香港东路'
3051, '海山学校'
3052, '海岱庄'
3053, '海岸·万科城'
3054, '海岸万科城'
3055, '海岸路滨江支路'
3056, '海岸路滨江支路站'
3057, '海岸馨园'
3058, '海岸馨园南门'
3059, '海岸馨园西门'
3060, '海崖'
3061, '海崖站'
3062, '海崖路'
3063, '海崖路三沙路'
3064, '海川路'
3065, '海德公学'
3066, '海月湖'
3067, '海月路新业路'
3068, '海林山庄'
3069, '海棠湾'
3070, '海汇银行'
3071, '海汇银行站'
3072, '海泉湾'
3073, '海泊桥'
3074, '海泊桥(海慈医疗)'
3075, '海洋一所'
3076, '海洋地质所'
3077, '海洋大科学中心'
3078, '海洋大科学中心东'
3079, '海洋工程科技园'
3080, '海洋牧场'
3081, '海游路东海东路站'
3082, '海湾化学北'
3083, '海湾化学南'
3084, '海湾花园'
3085, '海滨花园'
3086, '海滨花园站'
3087, '海牛新村'
3088, '海玉小区'
3089, '海王路'
3090, '海王路站'
3091, '海王集团'
3092, '海西路'
3093, '海西重机'
3094, '海谊电力'
3095, '海都广场'
3096, '海青印象'
3097, '海青建筑公司'
3098, '海青村'
3099, '海青枢纽站'
3100, '海青茶博园站'
3101, '海青路'
3102, '海青路海富路站'
3103, '海青镇中心中学'
3104, '海韵丽都'
3105, '海韵嘉园'
3106, '海韵嘉园站'
3107, '海龙站'
3108, '海龙路'
3109, '海龙路海富路'
3110, '消防大队'
3111, '消防训练基地'
3112, '淄川路'
3113, '淮阳路'
3114, '深圳路仙霞岭路'
3115, '深圳路合肥路'
3116, '深圳路同安路站'
3117, '深圳路岩岭路'
3118, '深圳路株洲路'
3119, '深圳路桐岭路'
3120, '深圳路玉龙路'
3121, '深圳路科苑纬三路'
3122, '深圳路苗岭路'
3123, '深圳路银川东路'
3124, '深圳路银川东路站'
3125, '清凉山三路宁江二路'
3126, '清凉涧'
3127, '清水河路红石崖十一号路'
3128, '清江路南昌路'
3129, '清江路淮安路'
3130, '清江路重庆南路'
3131, '清溪路世园大道'
3132, '渝水路'
3133, '渤海湾花园'
3134, '温德姆至尊酒店'
3135, '温泉一路海泉路'
3136, '温泉一路西站'
3137, '温泉街道办事处'
3138, '温泉路依泉路'
3139, '温莎郡'
3140, '港东'
3141, '港东庄'
3142, '港东建达路'
3143, '港东社区'
3144, '港东社区南'
3145, '港务工程公司'
3146, '港北'
3147, '港城新苑'
3148, '港头刘'
3149, '港头李'
3150, '港头陈前2'
3151, '港润大道'
3152, '港湾学院'
3153, '港湾学院南门'
3154, '港湾学院站'
3155, '港湾学院西'
3156, '港湾学院西站'
3157, '港西'
3158, '游艇会展中心'
3159, '游艇会展中心(保利)'
3160, '湖光山色'
3161, '湖北路中山路'
3162, '湖南路青岛路'
3163, '湖岛'
3164, '湖岛2'
3165, '湖岛四湖路'
3166, '湖岛站'
3167, '湖崖'
3168, '湖清路东站'
3169, '湖清路停车场'
3170, '湖畔雅居'
3171, '湘潭路景平路站'
3172, '湘潭路重庆中路'
3173, '湘潭路黑龙江中路'
3174, '湛山'
3175, '湛山2'
3176, '湛山三路太平角一路'
3177, '湛山寺'
3178, '湛山小区'
3179, '湛山延安三路站'
3180, '湾东'
3181, '湾头'
3182, '湾头文昌路站'
3183, '湾头馨苑'
3184, '源头'
3185, '源杰大酒店'
3186, '溪景海岸'
3187, '溪谷美寓'
3188, '滁州路劲松七路'
3189, '滁州路劲松三路'
3190, '滁州路黑龙江南路'
3191, '滕家站'
3192, '滟澜海岸南区'
3193, '滟澜海岸火炬路站'
3194, '滟澜海岸西'
3195, '滨江路公交停车场'
3196, '滨江路滨江支路'
3197, '滨海中学'
3198, '滨海中学站'
3199, '滨海公路创业路'
3200, '滨海公路站'
3201, '滨海办事处站'
3202, '滨海大道'
3203, '滨海大道站'
3204, '滨海学院'
3205, '滨海新区管委'
3206, '滨海新村'
3207, '滨海新村站'
3208, '滨海枢纽站'
3209, '滨海路桥'
3210, '滨海路环湾路'
3211, '滩头'
3212, '漓江西路青云山路'
3213, '演礼'
3214, '漳江路漓江西路'
3215, '潍县路'
3216, '潘家庄'
3217, '潘庄站'
3218, '潮海'
3219, '潮海西'
3220, '澄海路'
3221, '澜湾艺术公园'
3222, '澳斯顿新材料'
3223, '澳斯顿新材料站'
3224, '澳柯玛工业园'
3225, '濠北头'
3226, '濠北头东'
3227, '濠北头站'
3228, '濠洼'
3229, '火炬路停车场'
3230, '火炬路华中路'
3231, '火炬路合心路'
3232, '火炬路宝源路'
3233, '火炬路岙东路'
3234, '火炬路汇智桥路'
3235, '火炬路汇智桥路站'
3236, '火炬路聚贤桥路'
3237, '火炬路聚贤桥路站'
3238, '灰沟'
3239, '灵山卫东街'
3240, '灵山卫公交枢纽站'
3241, '灵山卫地铁站'
3242, '灵山卫地铁站1'
3243, '灵山卫小学'
3244, '灵山湾文化产业区'
3245, '灵山湾文化产业区站'
3246, '灵山湾路公交枢纽站'
3247, '灵山湾路公交枢纽站西'
3248, '灵山湾路公交枢纽西站'
3249, '灵山湾路凤凰山路口'
3250, '灵海路东岳东路'
3251, '灵海路凰蹲山路'
3252, '灵海路易通路'
3253, '灵海路站'
3254, '灵海路阅武路'
3255, '灵犀湾'
3256, '炉房社区'
3257, '烈士陵园'
3258, '烟台东站'
3259, '烟台前'
3260, '烟台前家园'
3261, '熙湖华府'
3262, '燕儿岛路逍遥二路站'
3263, '燕岛国际公寓'
3264, '燕岭路银川东路'
3265, '燮里南'
3266, '爻子埠'
3267, '牟家源福路'
3268, '牧马山路团结路'
3269, '牧马山路山王河路'
3270, '物流交易中心'
3271, '狄家河'
3272, '独垛子'
3273, '独垛子站'
3274, '狮子口村'
3275, '玉兰花园'
3276, '玉屏路东岳路'
3277, '玉泉路海西二路'
3278, '玉泉路睡牛山路'
3279, '玉泉路菊花山路'
3280, '玉海路裕和路'
3281, '玉海路龙海路'
3282, '玉皇山路'
3283, '玉皇山路东岳路'
3284, '玉皇山路文瑞路'
3285, '玉皇岭北'
3286, '玉皇岭北站'
3287, '玉皇岭南'
3288, '玉皇岭南站'
3289, '玉皇岭工业园'
3290, '玉皇花园'
3291, '玉霞路景平路'
3292, '王台中心中学'
3293, '王台中村'
3294, '王台交管所'
3295, '王台北村'
3296, '王台医院'
3297, '王台大集西'
3298, '王台换乘站'
3299, '王台汽车站'
3300, '王哥庄'
3301, '王哥庄东'
3302, '王哥庄桥'
3303, '王哥庄街道'
3304, '王哥庄西山'
3305, '王子涧'
3306, '王家下河'
3307, '王家前夼站'
3308, '王家台后'
3309, '王家台后站'
3310, '王家女姑'
3311, '王家女姑西'
3312, '王家寨'
3313, '王家小庄'
3314, '王家屯'
3315, '王家岭'
3316, '王家庄'
3317, '王家庄东'
3318, '王家庄站'
3319, '王家村'
3320, '王家村站'
3321, '王家林站'
3322, '王家楼东站'
3323, '王家楼西站'
3324, '王家横岭'
3325, '王家沟站'
3326, '王家河岩站'
3327, '王家泊子'
3328, '王家洼子南'
3329, '王家洼子站'
3330, '王家港'
3331, '王家港站'
3332, '王家滩'
3333, '王家草泊'
3334, '王家都'
3335, '王家麦岛'
3336, '王家麦岛站'
3337, '王家麦岛青大三路站'
3338, '王山口'
3339, '王庄'
3340, '王林庄'
3341, '王林庄东'
3342, '王沙路华安路'
3343, '玛琥沟'
3344, '玫瑰庭院'
3345, '环台东路'
3346, '环城水产'
3347, '环城水产站'
3348, '环城装饰城'
3349, '环岛路九龙江路'
3350, '环球集团北'
3351, '环球集团站'
3352, '环秀办事处'
3353, '现代农业示范区站'
3354, '现代医院'
3355, '现代嘉园站'
3356, '现代渔业园区北'
3357, '珠山小学'
3358, '珠山小学站'
3359, '珠山文苑'
3360, '珠山文苑站'
3361, '珠山景区'
3362, '珠山秀谷'
3363, '珠山秀谷南'
3364, '珠山秀谷站'
3365, '珠山路站'
3366, '珠峰口'
3367, '珠江路韶山路'
3368, '珠海一区'
3369, '珠海一区站'
3370, '珠海一路站'
3371, '珠海二区站'
3372, '珠海办事处'
3373, '珠海办事处北'
3374, '珠海办事处站'
3375, '珠海支路'
3376, '珠海支路东海中路'
3377, '珠海支路东海中路站'
3378, '琅琊台景区'
3379, '琅琊台景区站'
3380, '琅琊台路南站'
3381, '琅琊台酒厂'
3382, '琅琊台酒厂站'
3383, '琅琊台集团'
3384, '琅琊地铁站'
3385, '琅琊换乘站'
3386, '琅琊首府'
3387, '琅琊首府站'
3388, '理务关'
3389, '理务关北站'
3390, '理务关换乘站'
3391, '理工大学'
3392, '理工大学南门'
3393, '理工大学新校区'
3394, '理工大学站'
3395, '琳海制药'
3396, '琳海制药站'
3397, '琴岛学院'
3398, '瑞丰馨苑'
3399, '瑞安路停车场站'
3400, '瑞安路南站'
3401, '瑞昌路人民路'
3402, '瑞昌路湖清路'
3403, '瑞昌路顺昌路'
3404, '瑞昌馨苑'
3405, '瑞智精密'
3406, '瑞海景园'
3407, '瑞海花园'
3408, '瑞海花园北'
3409, '瑞海花园北站'
3410, '瑞海花园站'
3411, '瑞源繁花里'
3412, '瑞源路科海路'
3413, '瑞源路科韵路'
3414, '瑞源路锦暄路'
3415, '瑞滨路昌嘉路'
3416, '瑞滨路昌福路'
3417, '瑞滨路昌茂路'
3418, '瑞金路'
3419, '瑞金路安顺路'
3420, '瑞金路贵阳路'
3421, '瑞阳路荟城路'
3422, '瓦子丘'
3423, '瓦屋'
3424, '瓦屋(藏南)'
3425, '瓦屋南站'
3426, '瓦屋大庄'
3427, '瓦屋大庄站'
3428, '瓦屋大庄西'
3429, '瓦屋大庄西站'
3430, '瓦屋站'
3431, '瓦屋西站'
3432, '瓮沟'
3433, '甘水湾'
3434, '生家埠'
3435, '生资公司'
3436, '田家窑西'
3437, '田家花园新田路'
3438, '田庄'
3439, '田庄西'
3440, '田庄西站'
3441, '田旺路瑞阳路'
3442, '田海路钧和路'
3443, '由和小区'
3444, '甲旺墩'
3445, '电器市场'
3446, '电影学院'
3447, '甸王家站'
3448, '畅达路'
3449, '疾控中心'
3450, '登州路合江路'
3451, '登州路嫩江路'
3452, '登州路延安二路'
3453, '登瀛'
3454, '白云山路荟城路'
3455, '白云山路靖城路'
3456, '白家屯'
3457, '白庙'
3458, '白沙上苑'
3459, '白沙河'
3460, '白沙河公园'
3461, '白沙河路双元路'
3462, '白沙河路双元路站'
3463, '白沙湾'
3464, '白沙湾2'
3465, '白沙湾3'
3466, '白沙湾足球基地'
3467, '白沙湾路云河路站'
3468, '白沙湾路南站'
3469, '白沙湾路惠安路站'
3470, '白沙湾路月河路站'
3471, '白沙湾路河东路'
3472, '白玉庄'
3473, '白石山'
3474, '白马河社区站'
3475, '白马社'
3476, '百乐芬站'
3477, '百合花园小区'
3478, '百埠庄'
3479, '百姓乐园'
3480, '百果山森林公园'
3481, '百福山庄'
3482, '百福山庄南站'
3483, '百福路北站'
3484, '百福路正阳东路'
3485, '百福路王沙路'
3486, '百花苑'
3487, '百通星园'
3488, '百通馨苑'
3489, '百通馨苑一区'
3490, '皂户'
3491, '皂户小区'
3492, '皂户工业园'
3493, '皂户站'
3494, '皂角树'
3495, '盈福祥小区'
3496, '益和职业培训学校'
3497, '盘龙庄站'
3498, '盛世家园'
3499, '盛世景园'
3500, '盛世江山'
3501, '盛世江山站'
3502, '盛世福邸'
3503, '盛世美域'
3504, '盛世美域西'
3505, '盛客隆'
3506, '盛客隆站'
3507, '盛海路地铁站'
3508, '相沟村'
3509, '眼科医院'
3510, '矫家'
3511, '矫格庄'
3512, '石人泊'
3513, '石家村'
3514, '石屋沟'
3515, '石岭村'
3516, '石木头洼'
3517, '石梁刘'
3518, '石梁刘村委'
3519, '石梁杨前'
3520, '石沟'
3521, '石河头站'
3522, '石油大学'
3523, '石油大学北门'
3524, '石油大学北门站'
3525, '石油大学南门'
3526, '石油大学南门站'
3527, '石油大学古镇口校区'
3528, '石湾新苑'
3529, '石灰窑'
3530, '石灰窑东'
3531, '石灰窑站'
3532, '石牛卧'
3533, '石甲'
3534, '石甲站'
3535, '石甲西站'
3536, '石老人'
3537, '石老人浴场'
3538, '石老人西'
3539, '石老人观光园'
3540, '石门'
3541, '石门寺'
3542, '石门寺东'
3543, '石门寺站'
3544, '石门小学'
3545, '石雀滩'
3546, '石雀观海驿站'
3547, '码头休闲村'
3548, '码头休闲村站'
3549, '砖塔岭'
3550, '硅谷大厦'
3551, '硕阳路白云山路'
3552, '硕阳路荟城路'
3553, '硕阳路靖城路'
3554, '碧桂园'
3555, '碧海云天东'
3556, '碧海云天南'
3557, '碧海云天站'
3558, '磊鑫'
3559, '礼阳路'
3560, '社会福利中心'
3561, '社会福利院'
3562, '社会福利院2'
3563, '祝家庄'
3564, '神州·西城名筑'
3565, '祠堂'
3566, '祠堂站'
3567, '祥源路丰年路'
3568, '祥源路正阳西路'
3569, '祥源路科兴路'
3570, '祥源路科海路'
3571, '祥源路锦荣路'
3572, '祥通车行'
3573, '祥通车行站'
3574, '祥阳路荟城路'
3575, '祥顺·幸福居'
3576, '福临万家一期'
3577, '福临万家一期南'
3578, '福临万家二期'
3579, '福临万家小区'
3580, '福君居'
3581, '福山老年公寓'
3582, '福岭小区'
3583, '福州北路伊春路'
3584, '福州北路停车场'
3585, '福州北路停车场站'
3586, '福州北路同安路'
3587, '福州北路奉化路'
3588, '福州北路宁夏路'
3589, '福州北路安庆路'
3590, '福州南路东海西路'
3591, '福州南路江西路'
3592, '福州南路漳浦路'
3593, '福州南路闽江路'
3594, '福州南路闽江路站'
3595, '福州路北小区'
3596, '福朋喜来登酒店站'
3597, '福林山庄'
3598, '福瀛天麓湖'
3599, '福瀛装饰城'
3600, '福苑小区'
3601, '福莱社区'
3602, '福莱社区中心'
3603, '福辽立交桥'
3604, '福鹰山庄'
3605, '禧徕乐家居博览城'
3606, '秀兰禧悦山'
3607, '秀园路北站'
3608, '秀园路广博路'
3609, '秋七园'
3610, '秋阳路春城路'
3611, '科兴路思源路'
3612, '科兴路瑞源路'
3613, '科埠'
3614, '科思创'
3615, '科技街'
3616, '科教园公寓'
3617, '科苑纬四路新利路站'
3618, '科苑纬四路枣山东路'
3619, '科苑纬四路科苑经六路'
3620, '科苑经七路'
3621, '科苑经七路新宏路'
3622, '科苑经二路'
3623, '科苑经五路科苑纬四路'
3624, '科苑经六路'
3625, '科苑经四路'
3626, '科萃苑'
3627, '科韵路茂源路'
3628, '秦家土寨'
3629, '秦家小水'
3630, '秦家庄'
3631, '秦岭路苗岭路'
3632, '秦岭路银川东路'
3633, '秦岭路香港东路'
3634, '积米崖'
3635, '积米崖公交首末站'
3636, '积米崖地铁站'
3637, '积米崖站'
3638, '移动公司'
3639, '程家庄东'
3640, '空港工业区'
3641, '窝洛村'
3642, '立交桥'
3643, '立新小学'
3644, '立新站'
3645, '立柱大庄'
3646, '竹园路'
3647, '竹子庵公园'
3648, '竹岔岛观景台'
3649, '第一幼儿园'
3650, '第七中学'
3651, '第三海水浴场'
3652, '第二中医医院'
3653, '第五人民医院'
3654, '管家'
3655, '管家大村'
3656, '管家大村东'
3657, '管家大村前'
3658, '管家屯'
3659, '管家村'
3660, '管家洼'
3661, '管家洼东'
3662, '管家茔北'
3663, '米家庄'
3664, '米罗湾'
3665, '粮食局'
3666, '紫荆苑小区'
3667, '紫荆阁停车场'
3668, '紫金苑'
3669, '红埠'
3670, '红埠社区'
3671, '红岛'
3672, '红岛医院'
3673, '红岛医院站'
3674, '红岛国际会展中心东'
3675, '红岛路'
3676, '红旗岭'
3677, '红旗站'
3678, '红星·美凯龙'
3679, '红星·美凯龙站'
3680, '红星村'
3681, '红树林酒店'
3682, '红石崖'
3683, '红石崖二号路红石崖十一号路'
3684, '红石崖北'
3685, '红石崖医院'
3686, '纪家店子北'
3687, '纪家店子站'
3688, '纪家沟站'
3689, '绍兴一路'
3690, '绍兴路伊春路'
3691, '绍兴路北站'
3692, '绍兴路敦化路'
3693, '绍兴路辽源路'
3694, '绕岭'
3695, '统一饲料'
3696, '统帅电器专卖店'
3697, '维多利亚湾东'
3698, '维多利亚湾南门'
3699, '维多利亚湾西'
3700, '维客'
3701, '维客东'
3702, '维客站'
3703, '维客购物中心'
3704, '绿地·凤栖澜玥'
3705, '绿地·凤栖澜玥·爱心农贸市场'
3706, '绿城百合花园'
3707, '绿岛嘴'
3708, '罗圈涧'
3709, '罗圈涧王沙路'
3710, '罗圈涧王沙路站'
3711, '罗家营东'
3712, '罗戈庄'
3713, '羊山夼'
3714, '羊毛沟花海湿地'
3715, '美寓天城'
3716, '美泰科技'
3717, '翁沟'
3718, '翟家屯'
3719, '翠湖社区'
3720, '翠竹苑'
3721, '翡翠花园'
3722, '翰林苑'
3723, '老年大学'
3724, '聋哑学校'
3725, '聋哑学校站'
3726, '职教中心'
3727, '职教中心1'
3728, '职教中心1站'
3729, '职教中心2'
3730, '职教中心站'
3731, '职教中心西'
3732, '聚大洋北站'
3733, '聚福庄园小区'
3734, '聚贤桥路广博路'
3735, '聚贤桥路广盛路'
3736, '聚贤桥路智力岛路'
3737, '聚贤桥路火炬路'
3738, '肖家'
3739, '肖家北'
3740, '肖家屯'
3741, '肖家屯(屯子沟)'
3742, '肖家庄'
3743, '肖家庄公交首末站'
3744, '肖家庄站'
3745, '肖家庄西'
3746, '肖家庄西站'
3747, '肖家洼'
3748, '育才中学'
3749, '育星幼儿园'
3750, '育英小区'
3751, '育英路聚贤桥路'
3752, '背儿山路玉泉路'
3753, '背儿山路站'
3754, '胜利庄'
3755, '胜利桥'
3756, '胜利桥(纺织谷)'
3757, '胜利桥2'
3758, '胜利桥北站'
3759, '胜利桥郑州路'
3760, '胜利站'
3761, '胜利街'
3762, '胜利街站'
3763, '胜利路建材市场'
3764, '胜水东北西站'
3765, '胜水河东'
3766, '胜水河西站'
3767, '胜水西北站'
3768, '胡家前夼站'
3769, '胡家山'
3770, '胡家沟'
3771, '胡庆南'
3772, '胡庆西'
3773, '胶东国际机场'
3774, '胶东路'
3775, '胶南一中'
3776, '胶南一中北'
3777, '胶南一中南'
3778, '胶南一中站'
3779, '胶州湾工业园'
3780, '胶州湾工业园A'
3781, '胶州湾工业园C'
3782, '胶州湾工业园D'
3783, '胶州湾工业园E'
3784, '胶州湾工业园东站'
3785, '胶州湾综合保税区'
3786, '胶州湾西路'
3787, '胶州湾西路站'
3788, '胶州湾财富中心'
3789, '胶州路芝罘路'
3790, '胶州路芝罘路1'
3791, '胶州路芝罘路1站'
3792, '胶州路芝罘路2'
3793, '胶河换乘站'
3794, '胶西工业园'
3795, '胶西第二工业园'
3796, '胶西第二工业园A'
3797, '胶西第二工业园B'
3798, '胶马路龙润路'
3799, '胶马路龙翔路'
3800, '胸科医院'
3801, '腊树庄'
3802, '臧家界民俗'
3803, '臧格庄'
3804, '臻园'
3805, '航平南路'
3806, '航空大学'
3807, '航运中心'
3808, '良家庄'
3809, '艳阳路国城路1'
3810, '艳阳路国城路2'
3811, '艳阳路春城路'
3812, '艺博城北站'
3813, '艺德木业'
3814, '艺术中心'
3815, '艺术中心西'
3816, '芏子口'
3817, '芙蓉山庄'
3818, '芙蓉苑'
3819, '芝泉路延安三路'
3820, '花园村'
3821, '花林'
3822, '花沟站'
3823, '花溪地'
3824, '花科子'
3825, '芹口'
3826, '芽儿场'
3827, '苇山东'
3828, '苇山西'
3829, '苏家庄子'
3830, '苏菲瀚玛'
3831, '苑庄'
3832, '苑庄站'
3833, '苗家东站'
3834, '苗家岭站'
3835, '苗家西站'
3836, '苗岭路云岭路'
3837, '苗岭路海尔路'
3838, '苗岭路深圳路'
3839, '茂山路呼兰河路'
3840, '茂源花园'
3841, '茂源路科海路'
3842, '茂源路科韵路'
3843, '茂芝场'
3844, '茂隆山路'
3845, '茂隆山路站'
3846, '茂驰橡胶'
3847, '茂驰橡胶站'
3848, '范家庄'
3849, '范家草泊'
3850, '茉旺村'
3851, '茶博园'
3852, '茶马古道站'
3853, '荆疃依泉路'
3854, '荆疃海泉路'
3855, '草场'
3856, '草桥'
3857, '草泊河'
3858, '草泊站'
3859, '荒庄站'
3860, '荒里'
3861, '荒里(博美商城)'
3862, '荒里西'
3863, '荟城路硕阳路'
3864, '荟城路祥阳路'
3865, '荟城路秋阳路'
3866, '荣海三路臻园路'
3867, '荷花村'
3868, '荷花桥'
3869, '莱疃'
3870, '莱芜二路齐东路'
3871, '莱西一中'
3872, '莱西汽车站'
3873, '莱西湖'
3874, '莱青路柴岛路'
3875, '莱青路海泉路'
3876, '莲花前'
3877, '菊花山路玉泉路'
3878, '菏泽路'
3879, '菏泽路站'
3880, '菜园'
3881, '菜园站'
3882, '萃元路玉皇岭路'
3883, '萍乡路'
3884, '萍乡路南昌路'
3885, '萍乡路南昌路站'
3886, '营东头'
3887, '营前'
3888, '营子沟'
3889, '营子沟站'
3890, '营房东'
3891, '营海站'
3892, '营里'
3893, '营里站'
3894, '葛家屯'
3895, '葛家屯北'
3896, '葛家疃'
3897, '葛湾'
3898, '董城'
3899, '董大庄'
3900, '董家口创业创客中心'
3901, '董家口港区'
3902, '董家口港区站'
3903, '董家口港地铁站'
3904, '董家口火车站'
3905, '董家口管委'
3906, '董家口管委公交首末站'
3907, '董家口管委站'
3908, '董家埠'
3909, '董家庄'
3910, '董家庄站'
3911, '董家村站'
3912, '董家洼'
3913, '董家溜站'
3914, '董庄'
3915, '董庄南'
3916, '董庄站'
3917, '董村'
3918, '董村东'
3919, '蒋家店子'
3920, '蒋家店子南'
3921, '蒋家店子南站'
3922, '蒋家店子站'
3923, '蒋戈庄'
3924, '蒲湾岭'
3925, '蓝图二期'
3926, '蓝山湾'
3927, '蓝海港湾'
3928, '蓝海港湾北'
3929, '蓝海港湾南站'
3930, '蓝海湾·卡地亚站'
3931, '蓝海湾卡地亚站'
3932, '蓝湖郡'
3933, '蓝莓大道'
3934, '蔚蓝群岛一期'
3935, '蔚蓝群岛一期站'
3936, '蔚蓝群岛三期东'
3937, '蔚蓝群岛二期'
3938, '蔚蓝群岛二期站'
3939, '蔡东'
3940, '蔡家村'
3941, '蔡家沟'
3942, '薛家岛'
3943, '薛家岛地铁站'
3944, '薛家岛小学'
3945, '薛家岛小学南'
3946, '薛家岛枢纽站'
3947, '薛家岛街道办事处'
3948, '薛家岭站'
3949, '薛家岭西站'
3950, '薛家沟'
3951, '薛家泊子'
3952, '薛家泊子社区'
3953, '薛辛庄'
3954, '薛辛庄东'
3955, '藏南东站'
3956, '藏南中学'
3957, '藏南中学站'
3958, '藏南小学'
3959, '藏南小学站'
3960, '藏南换乘站'
3961, '藏马山旅游度假区'
3962, '藏马山旅游度假区站'
3963, '藏马山旅游换乘站'
3964, '虎埠岭'
3965, '虎山军体中心'
3966, '虎山新苑'
3967, '虎山花苑'
3968, '虎山路东站'
3969, '虎山路秀峰路'
3970, '虎山路秀峰路站'
3971, '虎山路顺河支路'
3972, '蚌埠路怀远路'
3973, '蚌埠路重庆南路'
3974, '蛤蟆石'
3975, '蜊叉泊'
3976, '融创精彩天地'
3977, '融合路'
3978, '融合路海崖路'
3979, '融海公馆'
3980, '蟠龙'
3981, '蟠龙前'
3982, '蟠龙北'
3983, '蟠龙站'
3984, '行政学院宿舍'
3985, '衡山路北'
3986, '衡山路漓江路'
3987, '衡山路珠江路'
3988, '袁家小庄'
3989, '袁家庄'
3990, '袁家村北'
3991, '袁家村北站'
3992, '袁家村南站'
3993, '裕园七路荣海一路'
3994, '裕园七路荣海三路'
3995, '裕龙润邦'
3996, '西丁家庄'
3997, '西上庄'
3998, '西下泊'
3999, '西乌衣巷'
4000, '西九水'
4001, '西九水社区'
4002, '西于家河'
4003, '西元庄'
4004, '西元新城'
4005, '西冯家滩'
4006, '西北庄'
4007, '西北庄站'
4008, '西北砚瓦'
4009, '西十字路站'
4010, '西南地'
4011, '西南地站'
4012, '西南岭'
4013, '西南庄南站'
4014, '西南庄站'
4015, '西南村'
4016, '西卢家滩'
4017, '西卢家滩站'
4018, '西台'
4019, '西台头'
4020, '西后楼'
4021, '西围格庄'
4022, '西城利群超市'
4023, '西城汇'
4024, '西外环站'
4025, '西夼西'
4026, '西女姑山'
4027, '西女姑山社区'
4028, '西姜'
4029, '西宅子头'
4030, '西寺'
4031, '西封家庄'
4032, '西小水'
4033, '西小水东方城'
4034, '西小滩东'
4035, '西山'
4036, '西山冯站'
4037, '西山小区'
4038, '西山社区'
4039, '西庄'
4040, '西康支路'
4041, '西张哥庄'
4042, '西张哥庄社区'
4043, '西旺疃'
4044, '西朱雀'
4045, '西杨家洼'
4046, '西果园'
4047, '西果园幼儿园'
4048, '西桥子'
4049, '西桥子东'
4050, '西桥子站'
4051, '西河套'
4052, '西河套社区'
4053, '西流峰'
4054, '西流庄'
4055, '西海岸新区一中江山路站1'
4056, '西海岸新区一中江山路站2'
4057, '西海岸新区第一中学'
4058, '西海岸新区第一中学站'
4059, '西海岸新区第二实验初级中学'
4060, '西海岸汽车东站'
4061, '西海岸汽车东站1'
4062, '西海岸汽车东站2'
4063, '西海岸汽车总站'
4064, '西海岸汽车总站西'
4065, '西海岸汽车总站西站'
4066, '西海岸综合保税区'
4067, '西海岸观光园'
4068, '西海岸观光园西'
4069, '西海景苑北'
4070, '西涝庄站'
4071, '西温'
4072, '西温泉社区'
4073, '西湖医院'
4074, '西漕汶'
4075, '西灰'
4076, '西灰村'
4077, '西灰村委'
4078, '西王家柳沟'
4079, '西田'
4080, '西田社区'
4081, '西石岭站'
4082, '西石沟'
4083, '西砚瓦'
4084, '西碾头南'
4085, '西碾头站'
4086, '西红石站'
4087, '西联公司'
4088, '西茶沟'
4089, '西茶沟站'
4090, '西荆'
4091, '西草夼'
4092, '西草夼东'
4093, '西草泊'
4094, '西葛'
4095, '西藏路滋阳路'
4096, '西藏路濮县路'
4097, '西赵'
4098, '西车格庄'
4099, '西辛置'
4100, '西郭庄社区'
4101, '西钟芝'
4102, '西镇'
4103, '西镇(临时站)'
4104, '西镇1'
4105, '西镇2站'
4106, '西镇临时站'
4107, '西门外'
4108, '西门外东'
4109, '西门外站'
4110, '西阁村'
4111, '西阿陀'
4112, '西阿陀北崖'
4113, '西陈家庄'
4114, '西陡崖站'
4115, '西陵峡路太平路'
4116, '西韩家台'
4117, '西韩新苑'
4118, '西韩新苑南'
4119, '西麦窑'
4120, '西黄埠'
4121, '观城路'
4122, '观海华庭'
4123, '观涛'
4124, '观涛地铁站'
4125, '观象一路'
4126, '观象山(市立医院)'
4127, '观象山站'
4128, '解家沟子'
4129, '解家河社区'
4130, '詹家屯村'
4131, '警官培训中心'
4132, '许家村'
4133, '象头'
4134, '象沟头北站'
4135, '豪帝商城'
4136, '贝卡尔特'
4137, '贡口北'
4138, '贡口站'
4139, '财宝山庄'
4140, '贤礼路田海路'
4141, '质监局站'
4142, '贵定路'
4143, '贵州路朝城路'
4144, '贸易城'
4145, '贺吉沟'
4146, '贺吉沟站'
4147, '贺家屯路口'
4148, '贾家营'
4149, '赛乐生物医药'
4150, '赵哥庄'
4151, '赵哥庄北'
4152, '赵哥庄北站'
4153, '赵哥庄南'
4154, '赵哥庄夏塔路'
4155, '赵哥庄夏塔路站'
4156, '赵哥庄社区'
4157, '赵哥庄社区东'
4158, '赵家堰社区'
4159, '赵家岭'
4160, '赵家岭北'
4161, '赵家庄'
4162, '赵家店'
4163, '赵家村站'
4164, '赵家沟'
4165, '赵家河'
4166, '赵家河村委'
4167, '赵家河站'
4168, '赵家疃'
4169, '赵家站'
4170, '赵村'
4171, '赵村建达路'
4172, '赵村社区'
4173, '赵红路小学'
4174, '赵红路景安路'
4175, '超然'
4176, '车家岭'
4177, '车家岭东'
4178, '车家岭站'
4179, '车管所'
4180, '车管村'
4181, '车轮山后南'
4182, '辛兴站'
4183, '辛安'
4184, '辛安东'
4185, '辛安北'
4186, '辛安街道办事处'
4187, '辛安西'
4188, '辛家庄'
4189, '辛屯'
4190, '辛屯地铁站东'
4191, '辛屯地铁站西'
4192, '辛屯地铁站西站'
4193, '辛庄'
4194, '辛庄东'
4195, '辛庄东站'
4196, '辛庄北站'
4197, '辛庄站'
4198, '辛店子'
4199, '辛店子东'
4200, '辽宁路华阳路'
4201, '辽宁路桓台路'
4202, '辽阳东路松岭路'
4203, '辽阳东路松岭路东'
4204, '辽阳东路枣山东路站'
4205, '辽阳西路劲松三路'
4206, '辽阳西路劲松五路'
4207, '辽阳西路南京路'
4208, '辽阳西路抚顺路'
4209, '辽阳西路绍兴路'
4210, '辽阳西路绍兴路(临时站)'
4211, '达尼绿泽画院'
4212, '达尼绿泽画院站'
4213, '运河广场'
4214, '返岭'
4215, '返岭前'
4216, '远洋广场'
4217, '远洋风景'
4218, '连心渔港'
4219, '连江路'
4220, '迟家屯'
4221, '迟家庄'
4222, '迟家疃'
4223, '适园雅居'
4224, '逄家'
4225, '逄家台后'
4226, '逄家台后站'
4227, '逄家桃园站'
4228, '逄猛张'
4229, '逄猛王'
4230, '通榆路'
4231, '通济办事处'
4232, '通济实验学校'
4233, '逯家庄'
4234, '逯家庄站'
4235, '道子泊'
4236, '遵义东路景平路'
4237, '遵义路'
4238, '遵义路四流北路'
4239, '邓家滩'
4240, '邢家岭'
4241, '邦源纤维'
4242, '邮电局'
4243, '邮轮母港'
4244, '邮轮母港站'
4245, '邯钢彩涂板公司'
4246, '邱家女姑'
4247, '邱家屯'
4248, '邱家白庙'
4249, '邵哥庄'
4250, '邵家'
4251, '邵家岚站'
4252, '邹家下夼'
4253, '邹家庄'
4254, '郑家小庄'
4255, '郑家河岩站'
4256, '郑州路商丘路'
4257, '郑州路商水路'
4258, '郑州路商水路站'
4259, '郑州路重庆南路'
4260, '郑州路重庆南路站'
4261, '郑庄'
4262, '郑庄府邸'
4263, '郑格庄'
4264, '郓城南路'
4265, '郝家'
4266, '郝家庄'
4267, '郝家石桥'
4268, '郝家石桥站'
4269, '郝家营'
4270, '郝滩'
4271, '郝疃'
4272, '郭南庄'
4273, '郭宝庄'
4274, '郭家台子西'
4275, '郭家小庄'
4276, '郭家庄'
4277, '郭家庄北'
4278, '郭家庄南'
4279, '郭家河岩站'
4280, '郭庄路口'
4281, '都市果岭'
4282, '鄱阳湖路'
4283, '重庆中路书院路'
4284, '重庆中路唐山路'
4285, '重庆中路延寿宫路'
4286, '重庆中路湘潭路'
4287, '重庆中路瑞金路'
4288, '重庆中路通真宫路'
4289, '重庆中路金水路'
4290, '重庆北路夏塔路'
4291, '重庆北路民航路'
4292, '重庆北路迎宾路'
4293, '重庆南路南京路'
4294, '重庆南路南京路站'
4295, '重庆南路德丰路'
4296, '重庆南路清江路'
4297, '重庆南路清江路1'
4298, '重庆南路清江路2'
4299, '重庆南路郑州路'
4300, '重庆南路长沙路'
4301, '重庆南路鞍山二路1'
4302, '重庆南路鞍山二路2'
4303, '重庆南路鞍山二路2站'
4304, '重罗山'
4305, '野潴站'
4306, '金凤凰路郑戈庄路'
4307, '金华路四流南路'
4308, '金华路宣化路'
4309, '金华路金东路'
4310, '金华路金沙路'
4311, '金地悦峰'
4312, '金地花园'
4313, '金地花园站'
4314, '金坛路北站'
4315, '金头岭'
4316, '金孔雀路'
4317, '金岭工业园'
4318, '金帝苑小区'
4319, '金惠雪佛兰'
4320, '金惠雪佛兰站'
4321, '金日紫都'
4322, '金日紫都西'
4323, '金日紫都西站'
4324, '金晖花园站'
4325, '金槽沟站'
4326, '金水源小区'
4327, '金水路夏庄路'
4328, '金水路宾川路站'
4329, '金水路小学'
4330, '金水路松岭路'
4331, '金水路秀峰路'
4332, '金沙滩'
4333, '金沙滩壹号小区'
4334, '金沙滩西'
4335, '金沙滩路石岩山路'
4336, '金沙路北站'
4337, '金沟站'
4338, '金河丽城站'
4339, '金海滨置业站'
4340, '金爵路灵海路'
4341, '金爵路胶州湾东路'
4342, '金狮广场'
4343, '金石国际广场'
4344, '金石国际广场站'
4345, '金秋小区'
4346, '金红叶纸业'
4347, '金色华山'
4348, '金色海湾'
4349, '金色环海'
4350, '金谷园路鑫山路'
4351, '金贝壳路'
4352, '金门路'
4353, '鑫兴通驾校'
4354, '鑫山路协荣路'
4355, '鑫山路西站'
4356, '鑫山路金谷园路'
4357, '鑫州塑业'
4358, '鑫欣家园'
4359, '鑫正通驾校'
4360, '鑫正通驾校南'
4361, '鑫港花园'
4362, '钱塘江路五台山路'
4363, '钱塘江路太行山路'
4364, '铁家庄'
4365, '铁家庄东'
4366, '铁家庄祥源路'
4367, '铁山'
4368, '铁山医院'
4369, '铁山医院站'
4370, '铁山学校'
4371, '铁山换乘站'
4372, '铁橛山景区站'
4373, '铁橛山路'
4374, '铁橛山路东'
4375, '铁橛山路东站'
4376, '铁橛山路站'
4377, '铁路北站东广场'
4378, '铁路北站西广场'
4379, '铁路城阳站'
4380, '铁路物流'
4381, '铁路红岛站'
4382, '铁路青岛站'
4383, '铁路青岛站兰山路'
4384, '铁路青岛站兰山路1'
4385, '铁路青岛站兰山路1站'
4386, '铁路青岛站广州路'
4387, '铁路青岛站广西支路站'
4388, '铁路青岛站广西路1'
4389, '铁路青岛站广西路2站'
4390, '铁路青岛站西广场站'
4391, '铁路青岛站费县路'
4392, '铁骑后'
4393, '铁骑山'
4394, '铁骑山路北站'
4395, '铁骑山路天风北路站'
4396, '铁骑山路成平路'
4397, '铁骑山路成泰路'
4398, '铁骑山路王沙路'
4399, '铁骑山路百福路'
4400, '铁骑山路西'
4401, '铁骑山路西站'
4402, '铜川路九水东路'
4403, '铜川路天水路'
4404, '铜川路徐水路'
4405, '铭鑫机械'
4406, '银岭路同安路'
4407, '银岭路霄岭路'
4408, '银川东路劲松七路站'
4409, '银川东路海尔路'
4410, '银川东路燕岭路'
4411, '银川东路科大支路'
4412, '银川东路阳岭路'
4413, '银川东路阳岭路站'
4414, '银川西路劲松三路站'
4415, '银川西路宁德路'
4416, '银沙滩'
4417, '银沙滩东'
4418, '银沙滩北'
4419, '银沙滩西'
4420, '银河路王沙路'
4421, '银海游艇俱乐部'
4422, '银液泉路天茶山路'
4423, '银液泉路枣山路'
4424, '银液泉路青山路'
4425, '银盛泰博观星海'
4426, '铸冶机械公司站'
4427, '错埠岭'
4428, '错埠岭四小区'
4429, '错埠岭小区'
4430, '锦业路和源路'
4431, '锦园北区'
4432, '锦园小区'
4433, '锦宏东路双万路'
4434, '锦宏东路康园路'
4435, '锦宏西路锦盛一路站'
4436, '锦湖苑'
4437, '锦璘原著'
4438, '锦绣小区'
4439, '锦绣小学'
4440, '镇宁立交桥'
4441, '镇宁立交桥南站'
4442, '镇宁立交桥西站'
4443, '镇平一路'
4444, '镇江北路敦化路'
4445, '镇江路北仲路'
4446, '镇江路延吉路'
4447, '长城南路天河路'
4448, '长城村站'
4449, '长城路'
4450, '长城路1'
4451, '长城路德阳路'
4452, '长城路文阳路'
4453, '长城路春阳路'
4454, '长城路站'
4455, '长安'
4456, '长安北'
4457, '长安西'
4458, '长岭'
4459, '长岭北'
4460, '长春路东站'
4461, '长春路内蒙古路'
4462, '长春路曹县路'
4463, '长春路西站'
4464, '长松庄'
4465, '长水山庄'
4466, '长江西路昆仑山路'
4467, '长江西路昆仑山路(临时站)'
4468, '长江路江山路1'
4469, '长江路江山路2'
4470, '长沙小区'
4471, '长沙小区北'
4472, '长沙小区西'
4473, '长沙路九江路'
4474, '长沙路台柳路'
4475, '长沙路宜阳路'
4476, '长沙路重庆南路'
4477, '长沙路重庆南路站'
4478, '长涧'
4479, '长涧天水路'
4480, '长阡地'
4481, '长阡沟社区站'
4482, '长阳路登州路'
4483, '长青'
4484, '闫家'
4485, '问海路停车场'
4486, '闽江二路'
4487, '闽江苑'
4488, '阅海府邸站'
4489, '阎家官庄'
4490, '阎家屋子'
4491, '阎家山'
4492, '阎家山郑州路站'
4493, '阜城路兴阳路'
4494, '阜城路和阳路'
4495, '阜城路崇阳路'
4496, '阜城路文阳路'
4497, '阜安景苑前'
4498, '阡上'
4499, '阡上南'
4500, '阡上站'
4501, '阳光丽苑'
4502, '阳光大厦'
4503, '阳光大厦站'
4504, '阳光山色'
4505, '阳光美寓'
4506, '陈姑庙'
4507, '陈家'
4508, '陈家台后'
4509, '陈家台后社区'
4510, '陈家台后站'
4511, '陈家小庄'
4512, '陈家屯'
4513, '陈家屯东'
4514, '陈家庄西站'
4515, '陈家沟'
4516, '陈家河'
4517, '陈家路口'
4518, '陈朱屯站'
4519, '陡崖子站'
4520, '陡沟'
4521, '陡沟南'
4522, '院上'
4523, '院上新村'
4524, '院前'
4525, '院后'
4526, '陵县路小学'
4527, '隆和·大溪谷'
4528, '隆和·艾美酒店'
4529, '隆和·艾美酒店站'
4530, '隆和大溪谷站'
4531, '隆和水岸'
4532, '隆德路'
4533, '隆德路宁德路'
4534, '隆泰国际站'
4535, '隆泽汇通集团'
4536, '隋家屯社区'
4537, '隐珠中学'
4538, '隐珠办事处'
4539, '隐珠地铁站'
4540, '隐珠地铁站(茶马古道)'
4541, '隐珠山路'
4542, '隐珠广场'
4543, '隐珠站'
4544, '集成路港旺大道'
4545, '雒口路'
4546, '雒家'
4547, '雕塑园'
4548, '雕龙嘴'
4549, '雕龙嘴北'
4550, '雨湖路文昌路'
4551, '雨湖路文昌路站'
4552, '雷家孝源'
4553, '雷家站'
4554, '雷沃重工'
4555, '雹泉庙'
4556, '霄岭路峰岭路'
4557, '霄岭路绣岭路'
4558, '青云山路北站'
4559, '青墩'
4560, '青大一路南站'
4561, '青大一路青大三路站'
4562, '青大二路'
4563, '青大工业园'
4564, '青大社区'
4565, '青大路'
4566, '青大金家岭校区'
4567, '青大附院江苏路'
4568, '青大附院江苏路东门'
4569, '青大附院沂水路'
4570, '青大附院西海岸院区'
4571, '青大附院西海岸院区东门'
4572, '青大附院西海岸院区北门1'
4573, '青大附院西海岸院区北门2'
4574, '青威路转盘'
4575, '青山'
4576, '青山北'
4577, '青山南'
4578, '青山路万年泉路'
4579, '青山路九水路'
4580, '青山路甘泉路'
4581, '青山路重庆中路'
4582, '青岗岭村'
4583, '青岛三中'
4584, '青岛三十一中'
4585, '青岛三十九中'
4586, '青岛中学'
4587, '青岛二中'
4588, '青岛二中分校'
4589, '青岛二十四中'
4590, '青岛五十七中'
4591, '青岛五十七中站'
4592, '青岛五十三中'
4593, '青岛五十八中'
4594, '青岛五十八中站'
4595, '青岛体育运动学校'
4596, '青岛光谷软件园'
4597, '青岛六十五中'
4598, '青岛六十六中'
4599, '青岛农商银行·水灵山路'
4600, '青岛农商银行·水灵山路站'
4601, '青岛农商银行水灵山路'
4602, '青岛动车段'
4603, '青岛北站'
4604, '青岛十九中'
4605, '青岛十六中'
4606, '青岛华瑞'
4607, '青岛博文小学'
4608, '青岛博格电梯'
4609, '青岛博物馆'
4610, '青岛印象湾'
4611, '青岛啤酒博物馆'
4612, '青岛国基外语学校'
4613, '青岛国际创新园'
4614, '青岛国际博览中心北站'
4615, '青岛国际博览中心南门'
4616, '青岛国际博览中心站'
4617, '青岛国际啤酒城'
4618, '青岛国际啤酒城西'
4619, '青岛基因库'
4620, '青岛大剧院'
4621, '青岛大学'
4622, '青岛大学东院'
4623, '青岛大学高雄路'
4624, '青岛奥帆中心'
4625, '青岛宝聚集团'
4626, '青岛实验学校'
4627, '青岛小镇·岚山'
4628, '青岛小镇·林溪'
4629, '青岛小镇东门'
4630, '青岛小镇站'
4631, '青岛市民中心'
4632, '青岛市民中心站'
4633, '青岛志贤中学'
4634, '青岛明煦工程检测'
4635, '青岛明煦工程检测站'
4636, '青岛机场香港中路城市候机楼'
4637, '青岛求实学院'
4638, '青岛沧口学校'
4639, '青岛海力加化工'
4640, '青岛海力加化工站'
4641, '青岛港碧海云天'
4642, '青岛滨海学院'
4643, '青岛王埠小学'
4644, '青岛真情巴士集团'
4645, '青岛科大'
4646, '青岛科技大学'
4647, '青岛科技大学西'
4648, '青岛科技大学西1'
4649, '青岛科技大学西2'
4650, '青岛站'
4651, '青岛网谷'
4652, '青岛育仁医院'
4653, '青岛胶东国际机场'
4654, '青岛能源所'
4655, '青岛西海艺术湾'
4656, '青岛西站'
4657, '青岛规划展览馆站'
4658, '青岛超银学校'
4659, '青岛路'
4660, '青岛车管所'
4661, '青岛软件园站'
4662, '青岛长途汽车站'
4663, '青岛阜外医院'
4664, '青岛雕塑园站'
4665, '青岛青新建材'
4666, '青峰路京口路'
4667, '青汽实业'
4668, '青滨附属医院'
4669, '青滨附属医院东'
4670, '青特工业园'
4671, '青科幼儿园'
4672, '青竹园'
4673, '青职学院江山南路站1'
4674, '青职学院江山南路站2'
4675, '青职学院香江路站'
4676, '青钢'
4677, '青钢站'
4678, '靖城路春阳路'
4679, '靖城路白云山路'
4680, '靖城路硕阳路'
4681, '静湖琅园'
4682, '鞍山二路小学'
4683, '鞍山二路抚顺路'
4684, '鞍山路山东路'
4685, '鞍山路西吴二路'
4686, '鞠家庄'
4687, '韩埠'
4688, '韩家台'
4689, '韩家台站'
4690, '韩家寨'
4691, '韩家寨东'
4692, '韩家岭路口'
4693, '韩家庄'
4694, '韩家庄东'
4695, '韩家村'
4696, '韩家民俗村'
4697, '韩家溜站'
4698, '韩洼'
4699, '音乐广场'
4700, '韶存庄'
4701, '韶存庄路口'
4702, '项城路社区站'
4703, '顺康路北'
4704, '顺康路南'
4705, '顺德居'
4706, '顺德花园'
4707, '顺德路'
4708, '顺河路'
4709, '顾家崖头站'
4710, '颐合太极'
4711, '颐和星苑'
4712, '颐康医院'
4713, '颐景园'
4714, '颐海蓝湾'
4715, '颐荣集团'
4716, '风和日丽西'
4717, '风河'
4718, '风河源生态农业站'
4719, '飞宇汽车城站'
4720, '飞宇路月牙河路'
4721, '飞宇路相公山路'
4722, '飞宇路站'
4723, '馆陶路广东路'
4724, '馆陶路汽车站'
4725, '首创空港中心'
4726, '香槟国际'
4727, '香江路一小'
4728, '香江路五台山路2'
4729, '香江路太行山路'
4730, '香港东路松岭路'
4731, '香港东路松岭路站'
4732, '香港东路海尔路'
4733, '香港东路海尔路1站'
4734, '香港东路海尔路2'
4735, '香港东路海尔路站'
4736, '香港东路秦岭路'
4737, '香港东路秦岭路站'
4738, '香港中路徐州路'
4739, '香港中路徐州路1'
4740, '香港中路徐州路1站'
4741, '香港中路徐州路2'
4742, '香港中路高雄路'
4743, '香港西路太平角六路'
4744, '馨悦花园'
4745, '马兰花园'
4746, '马家'
4747, '马家台'
4748, '马家庄'
4749, '马家庄南'
4750, '马家沟村'
4751, '马家滩站'
4752, '马家白庙'
4753, '马山'
4754, '马山公园'
4755, '马山前'
4756, '马山新城'
4757, '马戈庄'
4758, '马戈庄站'
4759, '马栏北'
4760, '马栏站'
4761, '马濠公园'
4762, '马濠公园站'
4763, '马连庄甜瓜市场'
4764, '马铁路'
4765, '马铁路口'
4766, '马银山'
4767, '驼沟站'
4768, '高安路'
4769, '高家'
4770, '高家台'
4771, '高家台小区'
4772, '高家台站'
4773, '高家山前站'
4774, '高家庄'
4775, '高家庄子'
4776, '高家村'
4777, '高山华府'
4778, '高峪'
4779, '高峪站'
4780, '高戈庄'
4781, '高戈庄北'
4782, '高新企业加速器'
4783, '高新区停车场'
4784, '高新区银海学校'
4785, '高新嘉园'
4786, '高昌路科苑纬三路'
4787, '高炮师'
4788, '高盛路'
4789, '高职校站'
4790, '高邮湖路'
4791, '高雄路'
4792, '魅力之城'
4793, '魏家屯村'
4794, '魏家庄'
4795, '魏家村'
4796, '魏家湾'
4797, '鲁东煤炭'
4798, '鲁信含章花园'
4799, '鲁信长春花园'
4800, '鲁信长春花园东门'
4801, '鲁家丘'
4802, '鲁泽花园'
4803, '鲁迅公园'
4804, '鲁迅公园站'
4805, '鲜多多农场'
4806, '鲤鱼门海鲜城'
4807, '鲤鱼门海鲜城站'
4808, '鳌山卫'
4809, '鳌山卫中学'
4810, '鳌山卫中心小学'
4811, '鳌山卫场元小学'
4812, '鳌山卫站'
4813, '鳌山卫街道'
4814, '鳌角石'
4815, '鸿业路太平洋路'
4816, '鸿泰兰亭'
4817, '鸿泰雅园'
4818, '鹤山风景区'
4819, '鹤山风景区南'
4820, '麦坡'
4821, '麦坡宜川路'
4822, '麦坡宜川路站'
4823, '麦岛'
4824, '麦岛宁夏路'
4825, '麦岛路停车场'
4826, '麦岛香港东路'
4827, '麦岛香港中路'
4828, '黄县路'
4829, '黄土庄站'
4830, '黄埠岭安置区'
4831, '黄大路站'
4832, '黄家庄'
4833, '黄家营'
4834, '黄家营东'
4835, '黄家营社区'
4836, '黄家营站'
4837, '黄山'
4838, '黄山前'
4839, '黄山南'
4840, '黄山卫生院'
4841, '黄山口'
4842, '黄山后'
4843, '黄山小学'
4844, '黄山屯'
4845, '黄山幼儿园'
4846, '黄岛油库'
4847, '黄岛街道办事处'
4848, '黄岛街道服务中心'
4849, '黄岛路'
4850, '黄岛轮渡'
4851, '黄河东路'
4852, '黄河路批发市场'
4853, '黄河路批发市场东'
4854, '黄河路昆仑山路'
4855, '黄泥崖社区'
4856, '黄泥崖站'
4857, '黄浦江路千佛山路'
4858, '黄浦江路太行山路'
4859, '黄海学院'
4860, '黄海学院北'
4861, '黄海学院南'
4862, '黄海学院南站'
4863, '黄海学院站'
4864, '黄海小区'
4865, '黄海小区南'
4866, '黄海小区南站'
4867, '黄海小区站'
4868, '黄海路'
4869, '黄石坎站'
4870, '黑埠沟'
4871, '黑埠沟北'
4872, '黑龙江中路中崂路'
4873, '黑龙江中路仙山东路'
4874, '黑龙江中路十梅庵路'
4875, '黑龙江中路大崂路1'
4876, '黑龙江中路大崂路2'
4877, '黑龙江中路富裕路'
4878, '黑龙江中路峄阳路'
4879, '黑龙江中路枣山路'
4880, '黑龙江中路枣山路站'
4881, '黑龙江中路湘潭路'
4882, '黑龙江中路甘泉路'
4883, '黑龙江中路赵红路'
4884, '黑龙江中路金水路站'
4885, '黑龙江北路崇阳路'
4886, '黑龙江北路平阳路'
4887, '黑龙江北路文阳路'
4888, '黑龙江北路文阳路1'
4889, '黑龙江北路文阳路2'
4890, '黑龙江北路春阳路'
4891, '黑龙江北路正阳中路'
4892, '黑龙江北路长城路'
4893, '黑龙江北路长城路站'
4894, '黑龙江南路蚌埠路'
4895, '黑龙江南路蚌埠路站'
4896, '鼎泰丰小区'
4897, '齐家后沟'
4898, '齐家庄'
4899, '齐长城烽火台'
4900, '齐长城花园'
4901, '齐长城路团结路'
4902, '齐长城路大旭山路'
4903, '齐鲁医院'
4904, '齐鲁第一实验小学'
4905, '齿轮厂'
4906, '龙井花园站'
4907, '龙口路'
4908, '龙古南'
4909, '龙古南站'
4910, '龙城御苑'
4911, '龙庵村站'
4912, '龙江路大学路站'
4913, '龙泉中学'
4914, '龙泉医院'
4915, '龙泉河污水处理厂'
4916, '龙泉路'
4917, '龙泽山庄'
4918, '龙海路文海路'
4919, '龙海路文海路站'
4920, '龙港家具大世界'
4921, '龙游路正阳西路'
4922, '龙游路正阳西路站'
4923, '龙湾地铁站'
4924, '龙湾景区'
4925, '龙湾景区站'
4926, '龙潭'
4927, '龙翔路胶马路'
4928, '龙门河路龙首山路'
4929, '龙首山路清水河路'
4930, '龙首山路红石崖二号路'
4931, '龙马路'
4932, '龙马路站'
4933,'丁家皂户'
4934,'七峪'
4935,'三角湾'
4936,'上客站'
4937,'上马停车场'
4938,'下村南'
4939,'下疃'
4940,'下蜜蜂社区'
4941,'世博园停车场'
4942,'世界博览城'
4943,'东山张'
4944,'东平路'
4945,'东蓝家庄社区'
4946,'两河路首末站'
4947,'中德生态园小学'
4948,'临时站'
4949,'乔戈庄'
4950,'九七一医院崂山医疗区'
4951,'书城'
4952,'书香嘉苑'
4953,'于家官庄站'
4954,'云岭路停车场'
4955,'五龙涧'
4956,'井冈山路地铁站D口'
4957,'仰口'
4958,'仰口2站'
4959,'仰口客服中心'
4960,'仲村东'
4961,'保税港区管委站'
4962,'修七园'
4963,'公交总站'
4964,'六汪枢纽站'
4965,'兴华路永平路'
4966,'内蒙古路长春路'
4967,'凉泉理想村'
4968,'凤栖谷路'
4969,'创业大厦南'
4970,'前沙'
4971,'前湾港东道口'
4972,'前金停车场'
4973,'前阳东'
4974,'前马连社区'
4975,'动投壹中心'
4976,'动物园北门'
4977,'劲松一路1'
4978,'劲松一路2'
4979,'北岚'
4980,'十梅庵停车场'
4981,'十梅庵公园'
4982,'千禧银杏苑站'
4983,'南丰路'
4984,'南丰路萍乡路站'
4985,'南崂路巨峰路'
4986,'南柳圈'
4987,'卧龙社区'
4988,'即墨公交枢纽南站'
4989,'双埠社区'
4990,'双山怀远路'
4991,'台东郭口路'
4992,'台西头'
4993,'后石沟'
4994,'向阳小区'
4995,'向阳岭路车轮山路'
4996,'周哥庄停车场'
4997,'唐家庄'
4998,'唐岛湾小区'
4999,'四季农业园站'
5000,'四川路停车场'
5001,'四川路滋阳路3'
5002,'四方1'
5003,'四方1站'
5004,'团岛台西一路'
5005,'团岛四川路1'
5006,'团岛四川路2站'
5007,'团岛贵州路站'
5008,'国家深海基地'
5009,'垭口'
5010,'城阳十五中1'
5011,'城阳十五中2'
5012,'城阳张家庄'
5013,'埠上'
5014,'墨城安'
5015,'墨香路临港路'
5016,'夏庄东方城停车场'
5017,'大亮马'
5018,'大台站'
5019,'大场换乘站'
5020,'大山张站'
5021,'大岔口站'
5022,'大崂路夏庄路'
5023,'大恒九场站'
5024,'大村庄'
5025,'大村换乘站'
5026,'大沙路停车场'
5027,'大港'
5028,'大湾社区站'
5029,'大珠山中路站'
5030,'大相家'
5031,'大窑沟1'
5032,'大窑沟2'
5033,'大窑沟站'
5034,'天山一路枢纽站'
5035,'天河路停车场'
5036,'天泰体育场1'
5037,'天泰体育场2'
5038,'天泰体育场4'
5039,'天泰体育场5站'
5040,'天泰体育场6'
5041,'天泰城'
5042,'天泰城停车场'
5043,'宁夏路永嘉路'
5044,'宁夏路永嘉路站'
5045,'宁德路青大一路站'
5046,'宁江三路清凉山三路'
5047,'安亭路'
5048,'安子站'
5049,'安徽路湖北路'
5050,'宋家岭站'
5051,'官厅市场'
5052,'宝山换乘站'
5053,'宿流'
5054,'寺东'
5055,'小埠东'
5056,'小岭'
5057,'小溜'
5058,'小西湖1'
5059,'小西湖2'
5060,'小西湖2站'
5061,'屯里集'
5062,'山东大学公交换乘站'
5063,'山东大学地铁站'
5064,'山东头站'
5065,'山东村'
5066,'山川融园'
5067,'山角'
5068,'崂山(大河东)游客服务中心站'
5069,'崂山六中'
5070,'崂山区政府'
5071,'崂山大河东客服中心站'
5072,'市政府南通路1'
5073,'市政府南通路3'
5074,'市政府山东路3'
5075,'平山路'
5076,'平度汽车站'
5077,'府新大厦'
5078,'开发区热电厂'
5079,'开封路'
5080,'开封路停车场'
5081,'弘元基'
5082,'弘阳家居2站'
5083,'张仓'
5084,'张家楼换乘站'
5085,'徐家大村'
5086,'德泰利群购物中心站'
5087,'恒星学院'
5088,'惜福镇'
5089,'惠水和苑'
5090,'戴家'
5091,'敦化路山东路站'
5092,'文昌路雨湖路站'
5093,'文阳路锦城路站'
5094,'新利路停车场'
5095,'新街口'
5096,'新韵路'
5097,'方特梦幻王国2站'
5098,'明富大道'
5099,'明月海藻世界'
5100,'易通路公交首末站'
5101,'星光岛首末站'
5102,'李村东桥公交站'
5103,'李村书院路站'
5104,'李村公园'
5105,'李村公园3'
5106,'李村公园6'
5107,'李村公园7站'
5108,'李沧体育中心2'
5109,'李沧工业园'
5110,'李沧福利院'
5111,'板桥坊1'
5112,'板桥坊2'
5113,'板桥坊3'
5114,'板桥坊4'
5115,'极地海洋世界'
5116,'林子'
5117,'枯桃花卉中心'
5118,'柘涧村委'
5119,'柳花泊西'
5120,'桑梓路人和路2'
5121,'棉花西'
5122,'棘洪滩卫生院'
5123,'森林国际'
5124,'榉林公园停车场'
5125,'欢乐海湾站'
5126,'毕家上流'
5127,'水城村站'
5128,'水泊站'
5129,'汽车东站'
5130,'汽车东站1'
5131,'汽车东站1站'
5132,'汽车东站2站'
5133,'汽车东站停车场1'
5134,'汽车东站停车场1站'
5135,'汽车东站停车场2'
5136,'汽车北站1'
5137,'汽车北站2'
5138,'汽车北站3'
5139,'汽车北站北门'
5140,'汽车总站'
5141,'沙子口'
5142,'沙子口站'
5143,'沙沟东村'
5144,'沧口公园'
5145,'河南村'
5146,'河套'
5147,'泊里枢纽站'
5148,'法家庄站'
5149,'泰安路'
5150,'泰山路益都路'
5151,'洛东小区'
5152,'洛东小区1'
5153,'洛东小区3'
5154,'流清河'
5155,'流清河社区'
5156,'海上嘉年华东'
5157,'海创小镇站'
5158,'海大崂山停车场'
5159,'海大崂山校区'
5160,'海大崂山校区西门'
5161,'海容冷链'
5162,'海尔工业园南门1'
5163,'海尔工业园南门2'
5164,'海岸阳光'
5165,'海岸馨园西门'
5166,'海洋地质所'
5167,'海洋牧场'
5168,'海青枢纽站'
5169,'清水河路云台山路'
5170,'港湾学院'
5171,'湖北路安徽路站'
5172,'湖岛'
5173,'湖岛1'
5174,'湖清路停车场'
5175,'滨江路公交停车场'
5176,'滨海枢纽站(临)'
5177,'灵山卫公交枢纽站'
5178,'灵山湾路公交枢纽站'
5179,'王台交管所'
5180,'王台换乘站'
5181,'王家港'
5182,'环保产业园管委'
5183,'现代农业'
5184,'珠山景区'
5185,'珠山秀谷'
5186,'珠山秀谷南'
5187,'珠山秀谷站'
5188,'珠山路'
5189,'珠山路站'
5190,'琅琊换乘站'
5191,'理务关换乘站'
5192,'理工大学新校区'
5193,'瑞安路停车场站'
5194,'瑞源繁花里'
5195,'田家花园新田路'
5196,'电影学院'
5197,'白沙湾'
5198,'白沙湾2'
5199,'百通馨苑'
5200,'益和职业培训学校'
5201,'盛世美域西'
5202,'盛家'
5203,'盛海路地铁站'
5204,'石老人'
5205,'石门寺站'
5206,'磨菇石'
5207,'社会福利院'
5208,'福州北路停车场'
5209,'福州北路停车场站'
5210,'福瀛装饰城'
5211,'秦家土寨'
5212,'积米崖公交首末站'
5213,'立交桥'
5214,'竹窝社区'
5215,'红岛国际会展中心'
5216,'红石崖西'
5217,'罗家营社区'
5218,'罗戈庄站'
5219,'胜利桥停车场'
5220,'胜利桥停车场2'
5221,'胡家庄站'
5222,'胶南一中北'
5223,'胶州路芝罘路站'
5224,'胶河换乘站'
5225,'花根山'
5226,'花科子'
5227,'荒里'
5228,'莱西汽车站'
5229,'莲花前'
5230,'营房'
5231,'董家口港区'
5232,'董家口火车站'
5233,'董家村站'
5234,'董家溜'
5235,'蔚蓝群岛三期'
5236,'薛家岛地铁站'
5237,'薛家岛枢纽站'
5238,'藏南换乘站'
5239,'藏马山度假区'
5240,'藏马山旅游换乘站'
5241,'虎山路顺河支路'
5242,'衡山路珠江路'
5243,'西北龙古'
5244,'西毛家庄'
5245,'西海岸汽车东站'
5246,'西海岸汽车总站'
5247,'西海岸综合保税区'
5248,'观崂停车场'
5249,'观里村'
5250,'解家河'
5251,'超然社区'
5252,'辛家庄小区1站'
5253,'辛家庄小区2站'
5254,'连心渔港'
5255,'邮电局'
5256,'金坛路'
5257,'金能科技'
5258,'铁山中学'
5259,'铁山换乘站'
5260,'铁路北站东广场'
5261,'铁路北站西广场'
5262,'铁路青岛站'
5263,'铁路青岛站广西支路站'
5264,'铁路青岛站西广场站'
5265,'铁路青岛站郯城路站'
5266,'银沙滩北'
5267,'错埠岭永吉路'
5268,'镇平一路'
5269,'镜台山'
5270,'长城路2'
5271,'长春路曹县路'
5272,'阳煤恒源化工'
5273,'阳煤恒源化工站'
5274,'陵县支路'
5275,'隆和·大溪谷'
5276,'隆和·大溪谷站'
5277,'隆德路1站'
5278,'隆德路2'
5279,'隆德路2站'
5280,'雒家'
5281,'青岛印象湾'
5282,'青岛求实学院'
5283,'青岛王埠小学'
5284,'青岛真情巴士集团'
5285,'青岛科技大学'
5286,'青岛科技大学(中德校区)'
5287,'青岛西站'
5288,'青岛长途汽车站'
5289,'青滨附属医院'
5290,'青石湾'
5291,'顺鑫驾校'
5292,'马家屋子'
5293,'马连庄'
5294,'高家草泊'
5295,'高新区停车场'
5296,'高新嘉园'
5297,'高昌路科苑纬三路'
5298,'鱼鸣嘴'
5299,'麦岛路停车场'
5300,'黄家庄'
5301,'黄山'
5302,'黄岛轮渡'
5303,'黄岭'
5304,'黄海学院站'
5305,'齐鲁医院'
